active_ingredient,agent_price_ugx,brand,category,created_at,created_by,description_en,description_lg,diaspora_price_usd,feature_home,id,maaif_reg_number,name,price_ugx,reentry_interval_hrs,show_diaspora,show_on_shop,sku,status,total_stock,updated_at
,,,Seeds,2026-05-28T13:44:22.089217+00:00,5b5f8ef0-762a-40e1-9c3e-1c671fc49b47,,,1.589454499215869,False,71a4cd9d-9bfe-4fc0-88e1-88fcbbb4f6d9,,Bugga,6000,,False,True,SED00010,active,296,2026-05-28T13:44:22.089217+00:00
,,,Fungicides,2026-05-28T13:44:23.431696+00:00,5b5f8ef0-762a-40e1-9c3e-1c671fc49b47,,,2.6490908320264483,False,7ae98dba-4201-4b84-a86f-1bd984efeb47,,Nsanja Coromate. 250g,10000,,False,True,CRO00029,active,13,2026-05-28T13:44:23.431696+00:00
,,,Fungicides,2026-05-28T13:44:23.431696+00:00,5b5f8ef0-762a-40e1-9c3e-1c671fc49b47,,,4.238545331242317,False,6ab56a66-0c5b-4a3e-9848-32b0655d393d,,Nsanja Coromate. 500g,16000,,False,True,CRO00030,active,27,2026-05-28T13:44:23.431696+00:00
,,,Fungicides,2026-05-28T13:44:23.431696+00:00,5b5f8ef0-762a-40e1-9c3e-1c671fc49b47,,,4.238545331242317,False,75a23771-d815-46b3-9423-9a02197acd50,,Pearl 50 SC 250ml,16000,,False,True,CRO00031,active,2,2026-05-28T13:44:23.431696+00:00
,,,Fungicides,2026-05-28T13:44:23.431696+00:00,5b5f8ef0-762a-40e1-9c3e-1c671fc49b47,,,8.477090662484635,False,7f4c303c-2861-4695-9354-2f39945653f9,,Pearl SC 500mls,32000,,False,True,CRO00032,active,5,2026-05-28T13:44:23.431696+00:00
,,,Fungicides,2026-05-28T13:44:23.431696+00:00,5b5f8ef0-762a-40e1-9c3e-1c671fc49b47,,,6.622727080066121,False,d6764ab8-f7ff-41dd-ba1b-4ecb7850ad35,,Ridomil Gold MZ 68 WG,25000,,False,True,CRO00033,active,0,2026-05-28T13:44:23.431696+00:00
,,,Fungicides,2026-05-28T13:44:23.431696+00:00,5b5f8ef0-762a-40e1-9c3e-1c671fc49b47,,,2.9139999152290934,False,5c8b49f9-77ed-4880-b2e5-14161ca081b4,,Sulcop-250g,11000,,False,True,CRO00034,active,1,2026-05-28T13:44:23.431696+00:00
,,,Fungicides,2026-05-28T13:44:23.431696+00:00,5b5f8ef0-762a-40e1-9c3e-1c671fc49b47,,,5.563090747255542,False,02c5a8e2-3562-45ea-97fc-18069a6b28e4,,Sulcop-500g,21000,,False,True,CRO00035,active,0,2026-05-28T13:44:23.431696+00:00
,,,Fungicides,2026-05-28T13:44:23.431696+00:00,5b5f8ef0-762a-40e1-9c3e-1c671fc49b47,,,2.6490908320264483,False,8a357021-e340-474d-8bd6-04fb3aa69e7c,,T-Buzz-100mls,10000,,False,True,CRO00036,active,86,2026-05-28T13:44:23.431696+00:00
,,,Fungicides,2026-05-28T13:44:23.431696+00:00,5b5f8ef0-762a-40e1-9c3e-1c671fc49b47,,,9.536726995295215,False,4dca4b97-bb17-4a3b-bf49-5b1e4f2366d4,,TBuzz 500mls,36000,,False,True,CRO00037,active,48,2026-05-28T13:44:23.431696+00:00
,,,Fungicides,2026-05-28T13:44:23.431696+00:00,5b5f8ef0-762a-40e1-9c3e-1c671fc49b47,,,18.543635824185138,False,a322318a-18e3-452d-91fd-b3815b5d04bf,,TBuzz LTR,70000,,False,True,CRO00038,active,9,2026-05-28T13:44:23.431696+00:00
,,,Fungicides,2026-05-28T13:44:23.431696+00:00,5b5f8ef0-762a-40e1-9c3e-1c671fc49b47,,,1.3245454160132242,False,3ed545b6-0518-435c-b5a1-302a85658775,,Toplite-100gm,5000,,False,True,CRO00039,active,432,2026-05-28T13:44:23.431696+00:00
,,,Fungicides,2026-05-28T13:44:23.431696+00:00,5b5f8ef0-762a-40e1-9c3e-1c671fc49b47,,,5.033272580850252,False,dbe0ac5c-f825-47e9-95a4-960b90612db5,,Xelora Max 500WG,19000,,False,True,CRO00040,active,3,2026-05-28T13:44:23.431696+00:00
,,,Insecticides,2026-05-28T13:44:23.431696+00:00,5b5f8ef0-762a-40e1-9c3e-1c671fc49b47,,,2.6490908320264483,False,d3b85dd7-4236-432f-84d2-e685329ca5d9,,250ml Ramida,10000,,False,True,INSECT00001,active,112,2026-05-28T13:44:23.431696+00:00
,,,Insecticides,2026-05-28T13:44:23.431696+00:00,5b5f8ef0-762a-40e1-9c3e-1c671fc49b47,,,0.7947272496079345,False,c9120a41-492c-46ce-bcef-2d579e8edc7c,,Acelamectin Force 100mls Jubaili,3000,,False,True,INSECT00002,active,201,2026-05-28T13:44:23.431696+00:00
,,,Insecticides,2026-05-28T13:44:23.431696+00:00,5b5f8ef0-762a-40e1-9c3e-1c671fc49b47,,,2.3841817488238037,False,05a6fee0-685b-484c-a8a6-07a66d9b5499,,Antkiller 250mls,9000,,False,True,INSECT00003,active,187,2026-05-28T13:44:23.431696+00:00
,,,Insecticides,2026-05-28T13:44:23.431696+00:00,5b5f8ef0-762a-40e1-9c3e-1c671fc49b47,,,4.503454414444962,False,df43c557-fe12-4dac-a693-ca29e006466a,,Antkiller 500mls,17000,,False,True,INSECT00004,active,20,2026-05-28T13:44:23.431696+00:00
,,,Insecticides,2026-05-28T13:44:23.431696+00:00,5b5f8ef0-762a-40e1-9c3e-1c671fc49b47,,,8.477090662484635,False,67cdfa54-69a8-4559-ab69-0247944b8748,,Antkiller ltr,32000,,False,True,INSECT00005,active,10,2026-05-28T13:44:23.431696+00:00
,,,Insecticides,2026-05-28T13:44:23.431696+00:00,5b5f8ef0-762a-40e1-9c3e-1c671fc49b47,,,9.80163607849786,False,40c3d920-79c1-4183-88f2-e3290aeb4bb0,,Avaunt 50mls,37000,,False,True,INSECT00006,active,1,2026-05-28T13:44:23.431696+00:00
,,,Insecticides,2026-05-28T13:44:23.431696+00:00,5b5f8ef0-762a-40e1-9c3e-1c671fc49b47,,,5.298181664052897,False,252c514c-62ba-4545-821e-3013032fd33e,,Bash 250mls,20000,,False,True,INSECT00007,active,0,2026-05-28T13:44:23.431696+00:00
,,,Insecticides,2026-05-28T13:44:23.750847+00:00,5b5f8ef0-762a-40e1-9c3e-1c671fc49b47,,,0.7947272496079345,False,b123c283-bb8b-42ea-9351-1f78250b9fea,,Cyper Lancer-100mls,3000,,False,True,INSECT00015,active,61,2026-05-28T13:44:23.750847+00:00
,,,Insecticides,2026-05-28T13:44:23.750847+00:00,5b5f8ef0-762a-40e1-9c3e-1c671fc49b47,,,1.589454499215869,False,0a5f47b8-309a-4d4b-b07c-e022bb820e50,,Cyper Lancer-250mls,6000,,False,True,INSECT00016,active,20,2026-05-28T13:44:23.750847+00:00
,,,Seeds,2026-05-28T13:44:22.626402+00:00,5b5f8ef0-762a-40e1-9c3e-1c671fc49b47,,,0.5298181664052897,False,4e81fd80-7c65-4074-915f-068a5de700e1,,Sukuma 10g Syova,2000,,False,True,SED00080,active,37,2026-05-28T13:44:22.626402+00:00
,,,Seeds,2026-05-28T13:44:22.626402+00:00,5b5f8ef0-762a-40e1-9c3e-1c671fc49b47,,,50.33272580850252,False,8b2897f5-69bb-4af0-921b-9eef569fb777,,Tomato Ansal 2500seeds,190000,,False,True,SED00087,active,12,2026-05-28T13:44:22.626402+00:00
,,,Seeds,2026-05-28T13:44:22.626402+00:00,5b5f8ef0-762a-40e1-9c3e-1c671fc49b47,,,95.36726995295214,False,4c27e1fc-f434-4363-86a9-e1a497c7604c,,Tomato Ansal 5000 seeds,360000,,False,True,SED00088,active,2,2026-05-28T13:44:22.626402+00:00
,,,Insecticides,2026-05-28T13:44:23.750847+00:00,5b5f8ef0-762a-40e1-9c3e-1c671fc49b47,,,1.1920908744119019,False,11a51e94-075e-442a-9203-b48d299f7a65,,DUDE ETHOETE,4500,,False,True,INSECT00017,active,1,2026-05-28T13:44:23.750847+00:00
,,,Insecticides,2026-05-28T13:44:23.750847+00:00,5b5f8ef0-762a-40e1-9c3e-1c671fc49b47,,,1.0596363328105793,False,f5c32d78-1129-401a-93ff-84ebd2374234,,Delta force 100mls,4000,,False,True,INSECT00018,active,101,2026-05-28T13:44:23.750847+00:00
,,,Insecticides,2026-05-28T13:44:23.750847+00:00,5b5f8ef0-762a-40e1-9c3e-1c671fc49b47,,,3.9736362480396727,False,2d18018c-d422-4967-9dfb-061a38a007b5,,Dimethomax 100g,15000,,False,True,INSECT00019,active,42,2026-05-28T13:44:23.750847+00:00
,,,Insecticides,2026-05-28T13:44:23.750847+00:00,5b5f8ef0-762a-40e1-9c3e-1c671fc49b47,,,13.245454160132242,False,535346d4-5413-4e8a-b6ba-a720d27e38f9,,Dimethomax 500g,50000,,False,True,INSECT00020,active,28,2026-05-28T13:44:23.750847+00:00
,,,Ferterlizers,2026-05-28T13:44:22.886005+00:00,5b5f8ef0-762a-40e1-9c3e-1c671fc49b47,,,0.5298181664052897,False,26be8714-535b-41ed-867a-6ad6394cf576,,Grain Pulse Maize Fertilizer-500g,2000,,False,True,FERT00042,active,0,2026-05-28T13:44:22.886005+00:00
,,,Ferterlizers,2026-05-28T13:44:22.886005+00:00,5b5f8ef0-762a-40e1-9c3e-1c671fc49b47,,,1.0596363328105793,False,af46b8ee-b19c-405c-8289-64469ae49c89,,Green Crop,4000,,False,True,FERT00049,active,37,2026-05-28T13:44:22.886005+00:00
,,,Insecticides,2026-05-28T13:44:23.750847+00:00,5b5f8ef0-762a-40e1-9c3e-1c671fc49b47,,,1.589454499215869,False,f3835196-51cd-4904-9d38-a0f0814d60b4,,Nsanja Mamectin,6000,,False,True,INSECT00058,active,201,2026-05-28T13:44:23.750847+00:00
,,,Insecticides,2026-05-28T13:44:23.750847+00:00,5b5f8ef0-762a-40e1-9c3e-1c671fc49b47,,,1.1920908744119019,False,39d01a15-0a08-4636-bfca-ef5dbac63ddb,,Ocelamectin-100mls,4500,,False,True,INSECT00059,active,386,2026-05-28T13:44:23.750847+00:00
,,,Insecticides,2026-05-28T13:44:23.750847+00:00,5b5f8ef0-762a-40e1-9c3e-1c671fc49b47,,,2.6490908320264483,False,82549d0d-4d45-47cb-9a96-c8e04e7057ba,,Ocelamectin-250mls,10000,,False,True,INSECT00060,active,152,2026-05-28T13:44:23.750847+00:00
,,,Insecticides,2026-05-28T13:44:23.750847+00:00,5b5f8ef0-762a-40e1-9c3e-1c671fc49b47,,,4.7683634976476075,False,4c825f99-18b2-464c-a200-9c8d6c45b06e,,Ocelamectin-500mls,18000,,False,True,INSECT00061,active,5,2026-05-28T13:44:23.750847+00:00
,,,Insecticides,2026-05-28T13:44:23.750847+00:00,5b5f8ef0-762a-40e1-9c3e-1c671fc49b47,,,4.238545331242317,False,3bd474fd-cbbc-4bd0-8529-acb94287b81a,,Pridex. 100g,16000,,False,True,INSECT00062,active,7,2026-05-28T13:44:23.750847+00:00
,,,Insecticides,2026-05-28T13:44:23.750847+00:00,5b5f8ef0-762a-40e1-9c3e-1c671fc49b47,,,10.066545161700503,False,a0adfdd8-d8e5-4448-abe2-3640437d2f9d,,Profecron,38000,,False,True,INSECT00063,active,2,2026-05-28T13:44:23.750847+00:00
,,,Insecticides,2026-05-28T13:44:23.750847+00:00,5b5f8ef0-762a-40e1-9c3e-1c671fc49b47,,,1.3245454160132242,False,41b368f0-51b4-4898-b886-0a26f2d5256d,,Profecron 100mls,5000,,False,True,INSECT00064,active,444,2026-05-28T13:44:23.750847+00:00
,,,Insecticides,2026-05-28T13:44:24.718799+00:00,5b5f8ef0-762a-40e1-9c3e-1c671fc49b47,,,5.298181664052897,False,11fabbe2-ccaf-4960-b5e8-e7e5d29a2aaa,,Tuta absoluta moth trap,20000,,False,True,INSECT00090,active,1,2026-05-28T13:44:24.718799+00:00
,,,Insecticides,2026-05-28T13:44:24.718799+00:00,5b5f8ef0-762a-40e1-9c3e-1c671fc49b47,,,2.1192726656211587,False,77880aef-07fe-4184-801d-c9d1c7f182da,,X-Pose-50mls,8000,,False,True,INSECT00091,active,0,2026-05-28T13:44:24.718799+00:00
,,,Tools,2026-05-28T13:44:24.718799+00:00,5b5f8ef0-762a-40e1-9c3e-1c671fc49b47,,,7.9472724960793455,False,dade4ba0-241b-4695-a6fd-14b4a9978fbe,,Tarplauin Blue 4*6 1 PC,30000,,False,True,Tool00001,active,49,2026-05-28T13:44:24.718799+00:00
,,,Tools,2026-05-28T13:44:24.718799+00:00,5b5f8ef0-762a-40e1-9c3e-1c671fc49b47,,,39.73636248039673,False,57dda2fa-b071-4efd-a996-e0c032332501,,Tarplaulin 30*30,150000,,False,True,Tool00002,active,3,2026-05-28T13:44:24.718799+00:00
,,,Tools,2026-05-28T13:44:24.718799+00:00,5b5f8ef0-762a-40e1-9c3e-1c671fc49b47,,,11.126181494511084,False,2302a0da-3d2c-4189-9c5d-2a1cf3e30b4d,,Thrash Ltr,42000,,False,True,Tool00003,active,34,2026-05-28T13:44:24.718799+00:00
,,,Tools,2026-05-28T13:44:24.718799+00:00,5b5f8ef0-762a-40e1-9c3e-1c671fc49b47,,,0.26490908320264483,False,5deda48e-dde6-4fe7-8d8e-da17f61f62f1,,Washer,1000,,False,True,Tool00004,active,30,2026-05-28T13:44:24.718799+00:00
,,,Tools,2026-05-28T13:44:24.718799+00:00,5b5f8ef0-762a-40e1-9c3e-1c671fc49b47,,,2.1192726656211587,False,ff2efcbc-56b3-4b8f-bbeb-12d91218560a,,Watering Can 9 Ltr,8000,,False,True,Tool00005,active,0,2026-05-28T13:44:24.718799+00:00
,,,Tools,2026-05-28T13:44:24.718799+00:00,5b5f8ef0-762a-40e1-9c3e-1c671fc49b47,,,2.1192726656211587,False,d252cde3-1b57-44de-a82d-bfdfb2210c91,,Watering Can-10Ltrs,8000,,False,True,Tool00006,active,362,2026-05-28T13:44:24.718799+00:00
,,,Insecticides,2026-05-28T13:44:24.946626+00:00,5b5f8ef0-762a-40e1-9c3e-1c671fc49b47,,,1.8543635824185138,False,374c9d0c-b1a7-4f5e-90ed-9662627698cc,,Force Up-500mls,7000,,False,True,Insect00015,active,0,2026-05-28T13:44:24.946626+00:00
,,,Insecticides,2026-05-28T13:44:24.946626+00:00,5b5f8ef0-762a-40e1-9c3e-1c671fc49b47,,,4.90081803924893,False,80399bdb-b4f2-4fac-9130-f7f02b94bebe,,Glufosun-1Ltr,18500,,False,True,Insect00016,active,0,2026-05-28T13:44:24.946626+00:00
,,,Insecticides,2026-05-28T13:44:24.946626+00:00,5b5f8ef0-762a-40e1-9c3e-1c671fc49b47,,,2.6490908320264483,False,2e6b79d6-ebbd-4cc9-af85-b8e180f80af5,,Glufosun-500mls,10000,,False,True,Insect00017,active,109,2026-05-28T13:44:24.946626+00:00
,,,Insecticides,2026-05-28T13:44:24.946626+00:00,5b5f8ef0-762a-40e1-9c3e-1c671fc49b47,,,3.443818081634383,False,fcf6a3c9-3608-42cc-9235-8751911f3582,,Glymark,13000,,False,True,Insect00018,active,1,2026-05-28T13:44:24.946626+00:00
,,,Herbicides,2026-05-28T13:44:24.946626+00:00,5b5f8ef0-762a-40e1-9c3e-1c671fc49b47,,,9.271817912092569,False,946a0a76-d22c-45c6-b57f-23afc662c29b,,Grande 33 EC,35000,,False,True,Herb00001,active,1,2026-05-28T13:44:24.946626+00:00
,,,Insecticides,2026-05-28T13:44:24.718799+00:00,5b5f8ef0-762a-40e1-9c3e-1c671fc49b47,,,5.033272580850252,False,24732ecb-65bc-4045-8638-b9ecf7987d17,,Profecron 500mls,19000,,False,True,INSECT00065,active,98,2026-05-28T13:44:24.718799+00:00
,,,Insecticides,2026-05-28T13:44:24.718799+00:00,5b5f8ef0-762a-40e1-9c3e-1c671fc49b47,,,1.589454499215869,False,77e66bed-092b-4270-93e2-46893bbe0400,,Ramida 100mls,6000,,False,True,INSECT00066,active,114,2026-05-28T13:44:24.718799+00:00
,,,Insecticides,2026-05-28T13:44:24.718799+00:00,5b5f8ef0-762a-40e1-9c3e-1c671fc49b47,,,6.622727080066121,False,2c33f077-e0d6-48d6-937d-e96d736a08d6,,Ramida 500mls,25000,,False,True,INSECT00067,active,8,2026-05-28T13:44:24.718799+00:00
,,,Insecticides,2026-05-28T13:44:24.718799+00:00,5b5f8ef0-762a-40e1-9c3e-1c671fc49b47,,,1.589454499215869,False,3faa3c3e-014f-4c07-a904-315c11e09235,,Rapid 50 sc,6000,,False,True,INSECT00068,active,0,2026-05-28T13:44:24.718799+00:00
,,,Insecticides,2026-05-28T13:44:24.718799+00:00,5b5f8ef0-762a-40e1-9c3e-1c671fc49b47,,,4.238545331242317,False,69a4ee1f-3a0c-4f52-a819-a2b8f9be610c,,Rocket 500mls,16000,,False,True,INSECT00069,active,121,2026-05-28T13:44:24.718799+00:00
,40000,,Seeds,2026-05-28T13:44:22.089217+00:00,5b5f8ef0-762a-40e1-9c3e-1c671fc49b47,,,2.6490908320264483,False,587b7eec-32b3-4561-a715-1a5349a0f7c5,,50g Okra,10000,,False,True,SED00001,active,0,2026-05-28T13:44:22.089217+00:00
,,,Seeds,2026-05-28T13:44:22.089217+00:00,5b5f8ef0-762a-40e1-9c3e-1c671fc49b47,,,1.5232272284152077,False,57b003df-8741-4972-8aeb-230844297d33,,Advanta500g,5750,,False,True,SED00002,active,0,2026-05-28T13:44:22.089217+00:00
,,,Seeds,2026-05-28T13:44:22.089217+00:00,5b5f8ef0-762a-40e1-9c3e-1c671fc49b47,,,18.01381765777985,False,83ea5723-19b7-4b72-807c-1ed73e54384c,,Ansal 10000seeds,68000,,False,True,SED00003,active,0,2026-05-28T13:44:22.089217+00:00
,,,Seeds,2026-05-28T13:44:22.089217+00:00,5b5f8ef0-762a-40e1-9c3e-1c671fc49b47,,,58.279998304581866,False,dd5eab7b-3350-4dc7-92b8-6a5dce51ee68,,Ansal 3500,220000,,False,True,SED00004,active,0,2026-05-28T13:44:22.089217+00:00
,,,Herbicides,2026-05-28T13:44:24.946626+00:00,5b5f8ef0-762a-40e1-9c3e-1c671fc49b47,,,3.443818081634383,False,e58ff654-a1e7-465f-8305-c646d7aa20f2,,Guard Force 500mls,13000,,False,True,Herb00002,active,0,2026-05-28T13:44:24.946626+00:00
,,,Seeds,2026-05-28T13:44:22.089217+00:00,5b5f8ef0-762a-40e1-9c3e-1c671fc49b47,,,6.622727080066121,False,59b42242-b4b7-4832-885a-144d3a403fd3,,Baraka 10g,25000,,False,True,SED00005,active,18,2026-05-28T13:44:22.089217+00:00
,,,Seeds,2026-05-28T13:44:22.089217+00:00,5b5f8ef0-762a-40e1-9c3e-1c671fc49b47,,,26.490908320264484,False,08553c80-1a82-4361-baa8-232cfd8b41c8,,Baraka 50g Syova,100000,,False,True,SED00006,active,0,2026-05-28T13:44:22.089217+00:00
,,,Seeds,2026-05-28T13:44:22.089217+00:00,5b5f8ef0-762a-40e1-9c3e-1c671fc49b47,,,1.1920908744119019,False,a4d7a031-d312-4857-8387-eace9675b8db,,Beans Nabe 16,4500,,False,True,SED00007,active,804,2026-05-28T13:44:22.089217+00:00
,,,Seeds,2026-05-28T13:44:22.089217+00:00,5b5f8ef0-762a-40e1-9c3e-1c671fc49b47,,,37.087271648370276,False,18ebf214-4867-41b3-b265-0351b3b6f991,,Blue Dynasty 50g,140000,,False,True,SED00008,active,0,2026-05-28T13:44:22.089217+00:00
,,,Seeds,2026-05-28T13:44:22.089217+00:00,5b5f8ef0-762a-40e1-9c3e-1c671fc49b47,,,2.6490908320264483,False,49caeb0c-09b6-47aa-a221-b6723eaf158f,,Bombay Red - Onion,10000,,False,True,SED00009,active,22,2026-05-28T13:44:22.089217+00:00
,,,Seeds,2026-05-28T13:44:22.089217+00:00,5b5f8ef0-762a-40e1-9c3e-1c671fc49b47,,,12.715635993726952,False,0e73ac1a-0f8c-4da1-8d22-7e0cf2fd9b65,,Cabbage - Gloria F1,48000,,False,True,SED00011,active,0,2026-05-28T13:44:22.089217+00:00
,,,Seeds,2026-05-28T13:44:22.089217+00:00,5b5f8ef0-762a-40e1-9c3e-1c671fc49b47,,,21.192726656211587,False,3e46121f-9219-4091-95ca-a40d92b35feb,,Cabbage - Gloria F1 50g,80000,,False,True,SED00012,active,22,2026-05-28T13:44:22.089217+00:00
,,,Seeds,2026-05-28T13:44:22.089217+00:00,5b5f8ef0-762a-40e1-9c3e-1c671fc49b47,,,11.920908744119018,False,2382fc14-70ab-48b9-8a97-c371177ea53a,,Cabbage - Victoria (Seminis),45000,,False,True,SED00013,active,1,2026-05-28T13:44:22.089217+00:00
,,,Seeds,2026-05-28T13:44:22.089217+00:00,5b5f8ef0-762a-40e1-9c3e-1c671fc49b47,,,6.092908913660831,False,83aa69d1-dd05-47da-82ae-8f1cce159466,,Cabbage 10g- Gloria F1 Sim law,23000,,False,True,SED00014,active,77,2026-05-28T13:44:22.089217+00:00
,,,Seeds,2026-05-28T13:44:22.089217+00:00,5b5f8ef0-762a-40e1-9c3e-1c671fc49b47,,,7.417454329674055,False,c2f5abb9-c079-4a92-9328-1ba2e4d1627f,,Cabbage 2500- Gloria F1 Star Sim law,28000,,False,True,SED00015,active,22,2026-05-28T13:44:22.089217+00:00
,,,Seeds,2026-05-28T13:44:22.089217+00:00,5b5f8ef0-762a-40e1-9c3e-1c671fc49b47,,,4.7683634976476075,False,f84f2c1f-1d7b-4318-9a95-4aa9fc11a65d,,Cabbage Gloria F1,18000,,False,True,SED00016,active,8,2026-05-28T13:44:22.089217+00:00
,,,Seeds,2026-05-28T13:44:22.089217+00:00,5b5f8ef0-762a-40e1-9c3e-1c671fc49b47,,,5.827999830458187,False,69547e70-f110-496b-88b2-6316cb6e50e7,,Cabbage victoria F1 10g,22000,,False,True,SED00017,active,1,2026-05-28T13:44:22.089217+00:00
,,,Seeds,2026-05-28T13:44:22.089217+00:00,5b5f8ef0-762a-40e1-9c3e-1c671fc49b47,,,26.490908320264484,False,a8045b62-c551-45a5-bf5f-d122d5dce68d,,Cabbage victoria F1 50g,100000,,False,True,SED00018,active,0,2026-05-28T13:44:22.089217+00:00
,,,Seeds,2026-05-28T13:44:22.089217+00:00,5b5f8ef0-762a-40e1-9c3e-1c671fc49b47,,,1.589454499215869,False,2504f08d-e583-4a45-b8d3-a599462e907a,,California Wonder 10g Syova,6000,,False,True,SED00019,active,33,2026-05-28T13:44:22.089217+00:00
,,,Seeds,2026-05-28T13:44:22.089217+00:00,5b5f8ef0-762a-40e1-9c3e-1c671fc49b47,,,9.271817912092569,False,0b56a477-0a74-40c1-90b6-98f4c3af1aef,,California Wonder 50g FSA,35000,,False,True,SED00020,active,0,2026-05-28T13:44:22.089217+00:00
,,,Seeds,2026-05-28T13:44:22.089217+00:00,5b5f8ef0-762a-40e1-9c3e-1c671fc49b47,,,10.596363328105793,False,3068c75e-8da2-4165-8dd6-491828dc9fcd,,Carrot norma,40000,,False,True,SED00021,active,0,2026-05-28T13:44:22.089217+00:00
,,,Seeds,2026-05-28T13:44:22.089217+00:00,5b5f8ef0-762a-40e1-9c3e-1c671fc49b47,,,0.5298181664052897,False,9bb8908b-f019-422c-a9c4-3f0a3989ca55,,Carrots 10g Syova,2000,,False,True,SED00022,active,66,2026-05-28T13:44:22.089217+00:00
,,,Seeds,2026-05-28T13:44:22.089217+00:00,5b5f8ef0-762a-40e1-9c3e-1c671fc49b47,,,1.6556817700165303,False,cdd2b45b-9561-4fce-a893-6292b11cb347,,DK 8031,6250,,False,True,SED00023,active,1,2026-05-28T13:44:22.089217+00:00
,,,Seeds,2026-05-28T13:44:22.089217+00:00,5b5f8ef0-762a-40e1-9c3e-1c671fc49b47,,,1.1920908744119019,False,d2aab20c-e9e1-4b63-a5d9-4ac2d038078b,,DT Max. 500g,4500,,False,True,SED00024,active,1,2026-05-28T13:44:22.089217+00:00
,,,Seeds,2026-05-28T13:44:22.089217+00:00,5b5f8ef0-762a-40e1-9c3e-1c671fc49b47,,,1.3245454160132242,False,e4ba332b-6f38-4b07-ac6d-80c866499bad,,Doodo 50g Simlaw,5000,,False,True,SED00025,active,9,2026-05-28T13:44:22.089217+00:00
,,,Seeds,2026-05-28T13:44:22.089217+00:00,5b5f8ef0-762a-40e1-9c3e-1c671fc49b47,,,1.3245454160132242,False,3426ad41-77dc-4bee-98db-37ef65f39c6b,,Doodo 50g TOP SEED,5000,,False,True,SED00026,active,67,2026-05-28T13:44:22.089217+00:00
,,,Seeds,2026-05-28T13:44:22.089217+00:00,5b5f8ef0-762a-40e1-9c3e-1c671fc49b47,,,1.3245454160132242,False,e0756901-a8c9-42df-867e-d571c0bdc1ca,,Egg Plant Black Beauty 10g Syova,5000,,False,True,SED00027,active,186,2026-05-28T13:44:22.089217+00:00
,,,Seeds,2026-05-28T13:44:22.089217+00:00,5b5f8ef0-762a-40e1-9c3e-1c671fc49b47,,,2.6490908320264483,False,2994ce57-fea4-49be-b888-9868cc561e08,,Egg Plant Black Beauty 50g simlaw,10000,,False,True,SED00028,active,132,2026-05-28T13:44:22.089217+00:00
,,,Seeds,2026-05-28T13:44:22.089217+00:00,5b5f8ef0-762a-40e1-9c3e-1c671fc49b47,,,2.6490908320264483,False,0fc83fcc-c792-44cd-a5df-988a0e43a6da,,Egg Plant Long Purple 50g,10000,,False,True,SED00029,active,124,2026-05-28T13:44:22.089217+00:00
,,,Seeds,2026-05-28T13:44:22.089217+00:00,5b5f8ef0-762a-40e1-9c3e-1c671fc49b47,,,2.6490908320264483,False,735d76e2-fd51-44ee-9297-d2080a06ee5a,,Egg plant  Entula 50g,10000,,False,True,SED00030,active,0,2026-05-28T13:44:22.089217+00:00
,,,Seeds,2026-05-28T13:44:22.089217+00:00,5b5f8ef0-762a-40e1-9c3e-1c671fc49b47,,,0.5298181664052897,False,6f003e97-5207-4598-90ca-8960246f2df9,,Egg plant Green Entula,2000,,False,True,SED00031,active,0,2026-05-28T13:44:22.089217+00:00
,,,Seeds,2026-05-28T13:44:22.089217+00:00,5b5f8ef0-762a-40e1-9c3e-1c671fc49b47,,,2.6490908320264483,False,73151cc4-6780-472a-ae4b-3f3190f18e28,,Egg plant Long Purple 5g,10000,,False,True,SED00032,active,6,2026-05-28T13:44:22.089217+00:00
,,,Seeds,2026-05-28T13:44:22.089217+00:00,5b5f8ef0-762a-40e1-9c3e-1c671fc49b47,,,2.6490908320264483,False,218086f5-8ddb-4b4e-9497-684c6823f905,,Egg plant Ntula 50g,10000,,False,True,SED00033,active,59,2026-05-28T13:44:22.089217+00:00
,,,Seeds,2026-05-28T13:44:22.089217+00:00,5b5f8ef0-762a-40e1-9c3e-1c671fc49b47,,,1.0596363328105793,False,0e33adf3-ba93-4f3b-b5de-4a5ee636d9e4,,Eggplant Black Beauty 5g-Simlaw,4000,,False,True,SED00034,active,18,2026-05-28T13:44:22.089217+00:00
,,,Seeds,2026-05-28T13:44:22.089217+00:00,5b5f8ef0-762a-40e1-9c3e-1c671fc49b47,,,1.0596363328105793,False,514c4fe6-afc5-4477-a3b7-91430c223934,,Fuko kill 25g,4000,,False,True,SED00035,active,0,2026-05-28T13:44:22.089217+00:00
,,,Seeds,2026-05-28T13:44:22.089217+00:00,5b5f8ef0-762a-40e1-9c3e-1c671fc49b47,,,4.7683634976476075,False,7587bfad-347f-49ad-a2b6-3d5d8ff2367f,,G. Pepper California wonder 50g SYOVA,18000,,False,True,SED00036,active,236,2026-05-28T13:44:22.089217+00:00
,,,Seeds,2026-05-28T13:44:22.089217+00:00,5b5f8ef0-762a-40e1-9c3e-1c671fc49b47,,,18.543635824185138,False,eb182983-9684-4ac8-b518-a7b7b937a67a,,Gallant F1 green pepper 10g,70000,,False,True,SED00037,active,1,2026-05-28T13:44:22.089217+00:00
,,,Seeds,2026-05-28T13:44:22.089217+00:00,5b5f8ef0-762a-40e1-9c3e-1c671fc49b47,,,28.610180985885645,False,ff3fb681-2c5f-4e8a-ba12-911998dff81e,,Gloria Star 50g Simlaw,108000,,False,True,SED00038,active,0,2026-05-28T13:44:22.089217+00:00
,,,Seeds,2026-05-28T13:44:22.089217+00:00,5b5f8ef0-762a-40e1-9c3e-1c671fc49b47,,,2.6490908320264483,False,d726b28f-7733-4f09-ac70-723c5ec8766e,,Green NTULA CONTINENTAL,10000,,False,True,SED00039,active,2,2026-05-28T13:44:22.089217+00:00
,,,Seeds,2026-05-28T13:44:22.089217+00:00,5b5f8ef0-762a-40e1-9c3e-1c671fc49b47,,,31.789089984317382,False,d1827ede-9949-4114-8da9-03245a530669,,Green Paper Revolution,120000,,False,True,SED00040,active,1,2026-05-28T13:44:22.089217+00:00
,,,Seeds,2026-05-28T13:44:22.089217+00:00,5b5f8ef0-762a-40e1-9c3e-1c671fc49b47,,,4.7683634976476075,False,739a35f7-e5a9-4854-807a-ba245ea6e943,,Green pepper California wonder,18000,,False,True,SED00041,active,0,2026-05-28T13:44:22.089217+00:00
,,,Seeds,2026-05-28T13:44:22.089217+00:00,5b5f8ef0-762a-40e1-9c3e-1c671fc49b47,,,4.503454414444962,False,c5489894-647b-42f5-ae7f-484d15abf97d,,Green pepper home harvest 50g,17000,,False,True,SED00042,active,0,2026-05-28T13:44:22.089217+00:00
,,,Seeds,2026-05-28T13:44:22.089217+00:00,5b5f8ef0-762a-40e1-9c3e-1c671fc49b47,,,12.715635993726952,False,0c366743-1383-4e33-bccd-3b795dbec98d,,Green pepper super bell F1,48000,,False,True,SED00043,active,11,2026-05-28T13:44:22.089217+00:00
,,,Seeds,2026-05-28T13:44:22.089217+00:00,5b5f8ef0-762a-40e1-9c3e-1c671fc49b47,,,1.8543635824185138,False,429d5ddc-9695-42bd-a66f-5e3b22dfe70c,,Maize DK777,7000,,False,True,SED00044,active,923,2026-05-28T13:44:22.089217+00:00
,,,Seeds,2026-05-28T13:44:22.089217+00:00,5b5f8ef0-762a-40e1-9c3e-1c671fc49b47,,,1.8543635824185138,False,6c63056b-1903-4aab-8b0f-438ba91fc5e0,,Maize DKc90-89-500g,7000,,False,True,SED00045,active,13,2026-05-28T13:44:22.089217+00:00
,,,Seeds,2026-05-28T13:44:22.089217+00:00,5b5f8ef0-762a-40e1-9c3e-1c671fc49b47,,,0.5298181664052897,False,6a713783-6804-4f5c-ae11-2a957b5e4f9f,,Maize Mm3 500gm,2000,,False,True,SED00046,active,1,2026-05-28T13:44:22.089217+00:00
,,,Seeds,2026-05-28T13:44:22.089217+00:00,5b5f8ef0-762a-40e1-9c3e-1c671fc49b47,,,1.1920908744119019,False,74ea5c75-a304-43c0-9953-ba63ee7b6bd8,,Maize bazooka 500g,4500,,False,True,SED00047,active,666,2026-05-28T13:44:22.089217+00:00
,,,Seeds,2026-05-28T13:44:22.089217+00:00,5b5f8ef0-762a-40e1-9c3e-1c671fc49b47,,,1.0596363328105793,False,abee8893-4aea-4700-935d-c65dfc52581a,,Maize longe 10H 500g,4000,,False,True,SED00048,active,0,2026-05-28T13:44:22.089217+00:00
,,,Seeds,2026-05-28T13:44:22.089217+00:00,5b5f8ef0-762a-40e1-9c3e-1c671fc49b47,,,0.6622727080066121,False,b9dc7e12-315c-4632-bdc3-a19799454c2b,,Maize longe 5,2500,,False,True,SED00049,active,0,2026-05-28T13:44:22.089217+00:00
,,,Seeds,2026-05-28T13:44:22.089217+00:00,5b5f8ef0-762a-40e1-9c3e-1c671fc49b47,,,2.251727207222481,False,651bfde5-c8e5-4d9f-a78f-d40c08bb7c1d,,Nabe 16 Beans-Syova,8500,,False,True,SED00050,active,31,2026-05-28T13:44:22.089217+00:00
,,,Seeds,2026-05-28T13:44:22.626402+00:00,5b5f8ef0-762a-40e1-9c3e-1c671fc49b47,,,0.5298181664052897,False,28ddbe10-d976-4dc9-97e0-c382ded50eb8,,Nakati 10g Syova,2000,,False,True,SED00051,active,7,2026-05-28T13:44:22.626402+00:00
,,,Seeds,2026-05-28T13:44:22.626402+00:00,5b5f8ef0-762a-40e1-9c3e-1c671fc49b47,,,1.589454499215869,False,f9de8310-6c41-45f9-af5b-a8393c03faf1,,Nakati 50g,6000,,False,True,SED00052,active,29,2026-05-28T13:44:22.626402+00:00
,,,Seeds,2026-05-28T13:44:22.626402+00:00,5b5f8ef0-762a-40e1-9c3e-1c671fc49b47,,,1.589454499215869,False,f7e958f1-7a94-4016-b6d4-f9702955b132,,Nakati 50g,6000,,False,True,SED00053,active,185,2026-05-28T13:44:22.626402+00:00
,,,Seeds,2026-05-28T13:44:22.626402+00:00,5b5f8ef0-762a-40e1-9c3e-1c671fc49b47,,,0.5298181664052897,False,a40d9e15-ab35-4c44-9e5e-3a9573f4d9fc,,Nakati Assorted 5g,2000,,False,True,SED00054,active,7,2026-05-28T13:44:22.626402+00:00
,,,Seeds,2026-05-28T13:44:22.626402+00:00,5b5f8ef0-762a-40e1-9c3e-1c671fc49b47,,,2.1192726656211587,False,083d2622-e524-4d99-8cb5-3eef1d95f21b,,Nantes - Carrot,8000,,False,True,SED00055,active,0,2026-05-28T13:44:22.626402+00:00
,,,Seeds,2026-05-28T13:44:22.626402+00:00,5b5f8ef0-762a-40e1-9c3e-1c671fc49b47,,,17.219090408171915,False,ba080539-85b6-4a7f-8c54-08ad5da76ffd,,Novella F1 5g simlaw,65000,,False,True,SED00056,active,0,2026-05-28T13:44:22.626402+00:00
,,,Seeds,2026-05-28T13:44:22.626402+00:00,5b5f8ef0-762a-40e1-9c3e-1c671fc49b47,,,1.3245454160132242,False,d718ba53-42a0-4750-8f2f-5560d5dd73a2,,OKRA 10g Syova,5000,,False,True,SED00057,active,91,2026-05-28T13:44:22.626402+00:00
,,,Seeds,2026-05-28T13:44:22.626402+00:00,5b5f8ef0-762a-40e1-9c3e-1c671fc49b47,,,4.7683634976476075,False,b96bb1b1-f2fe-435e-93b5-09d449661489,,Okra  25g,18000,,False,True,SED00058,active,19,2026-05-28T13:44:22.626402+00:00
,,,Seeds,2026-05-28T13:44:22.626402+00:00,5b5f8ef0-762a-40e1-9c3e-1c671fc49b47,,,2.6490908320264483,False,d59ac16c-4978-48c7-ae0c-3fe8903cacb5,,Onion 50g Syova,10000,,False,True,SED00059,active,0,2026-05-28T13:44:22.626402+00:00
,,,Seeds,2026-05-28T13:44:22.626402+00:00,5b5f8ef0-762a-40e1-9c3e-1c671fc49b47,,,2.6490908320264483,False,d3c466f3-8293-479b-bd59-8779f67dc8dd,,Onion Bombay Red 50g,10000,,False,True,SED00060,active,0,2026-05-28T13:44:22.626402+00:00
,,,Seeds,2026-05-28T13:44:22.626402+00:00,5b5f8ef0-762a-40e1-9c3e-1c671fc49b47,,,2.6490908320264483,False,ed1d252f-0b4c-4583-882e-533ad1a9b1d6,,Onion Bombay Red 50g-Syova,10000,,False,True,SED00061,active,247,2026-05-28T13:44:22.626402+00:00
,,,Seeds,2026-05-28T13:44:22.626402+00:00,5b5f8ef0-762a-40e1-9c3e-1c671fc49b47,,,1.3245454160132242,False,8e36543d-39bb-4789-ba5f-6195319a74fc,,Onion Bombay Red_FSA,5000,,False,True,SED00062,active,1,2026-05-28T13:44:22.626402+00:00
,,,Seeds,2026-05-28T13:44:22.626402+00:00,5b5f8ef0-762a-40e1-9c3e-1c671fc49b47,,,0.9271817912092569,False,f5fe86d3-adc9-444c-9f63-747a3e518f3c,,Onion Red Creole 10g Syova,3500,,False,True,SED00063,active,90,2026-05-28T13:44:22.626402+00:00
,,,Seeds,2026-05-28T13:44:22.626402+00:00,5b5f8ef0-762a-40e1-9c3e-1c671fc49b47,,,11.126181494511084,False,66a64c8c-ffc5-4eb1-bed1-617e92763fb0,,Onion Red Creole 250g Syova,42000,,False,True,SED00064,active,0,2026-05-28T13:44:22.626402+00:00
,,,Seeds,2026-05-28T13:44:22.626402+00:00,5b5f8ef0-762a-40e1-9c3e-1c671fc49b47,,,1.589454499215869,False,187bb4da-973f-4e09-81dc-7457ea99c59f,,Onion Red Creole 5g FSA,6000,,False,True,SED00065,active,1,2026-05-28T13:44:22.626402+00:00
,,,Seeds,2026-05-28T13:44:22.626402+00:00,5b5f8ef0-762a-40e1-9c3e-1c671fc49b47,,,23.841817488238036,False,c820b458-7ce0-43f8-926f-044d199f3d60,,Onion Super Yali 250g,90000,,False,True,SED00066,active,10,2026-05-28T13:44:22.626402+00:00
,,,Seeds,2026-05-28T13:44:22.626402+00:00,5b5f8ef0-762a-40e1-9c3e-1c671fc49b47,,,2.516636290425126,False,9bb49e26-ea31-4a3c-a08e-90e627a11243,,Peanut 1kg,9500,,False,True,SED00067,active,0,2026-05-28T13:44:22.626402+00:00
,,,Seeds,2026-05-28T13:44:22.626402+00:00,5b5f8ef0-762a-40e1-9c3e-1c671fc49b47,,,5.298181664052897,False,e4c50610-7bcd-4e86-bb2f-e0841a6271a7,,Pele 0.5g,20000,,False,True,SED00068,active,62,2026-05-28T13:44:22.626402+00:00
,,,Seeds,2026-05-28T13:44:22.626402+00:00,5b5f8ef0-762a-40e1-9c3e-1c671fc49b47,,,31.789089984317382,False,3b2e0787-57a8-4573-8a69-36daa6cfcd76,,Pele F1 5g,120000,,False,True,SED00069,active,9,2026-05-28T13:44:22.626402+00:00
,,,Seeds,2026-05-28T13:44:22.626402+00:00,5b5f8ef0-762a-40e1-9c3e-1c671fc49b47,,,15.894544992158691,False,6830eb24-df13-41f9-a94a-01c27a72aec2,,Pepper Crusader F1,60000,,False,True,SED00070,active,0,2026-05-28T13:44:22.626402+00:00
,,,Seeds,2026-05-28T13:44:22.626402+00:00,5b5f8ef0-762a-40e1-9c3e-1c671fc49b47,,,31.789089984317382,False,e6eb56cc-b6d2-4e37-93ab-e07fc0ce2366,,Pretoria Cabbage 50g,120000,,False,True,SED00071,active,0,2026-05-28T13:44:22.626402+00:00
,,,Seeds,2026-05-28T13:44:22.626402+00:00,5b5f8ef0-762a-40e1-9c3e-1c671fc49b47,,,3.9736362480396727,False,6abc0b56-76f0-4f22-8381-b8b2effac8b7,,Pumpkin Arjuna F1,15000,,False,True,SED00072,active,23,2026-05-28T13:44:22.626402+00:00
,,,Seeds,2026-05-28T13:44:22.626402+00:00,5b5f8ef0-762a-40e1-9c3e-1c671fc49b47,,,26.490908320264484,False,e6a45cb4-0372-4a92-8b50-c29f2f60fba9,,RED COACH ONION 100G,100000,,False,True,SED00073,active,21,2026-05-28T13:44:22.626402+00:00
,,,Seeds,2026-05-28T13:44:22.626402+00:00,5b5f8ef0-762a-40e1-9c3e-1c671fc49b47,,,5.298181664052897,False,125a2e6c-522e-452a-a895-f723dc6275f7,,Sorghum 1kg,20000,,False,True,SED00074,active,38,2026-05-28T13:44:22.626402+00:00
,,,Seeds,2026-05-28T13:44:22.626402+00:00,5b5f8ef0-762a-40e1-9c3e-1c671fc49b47,,,2.516636290425126,False,4b6a3f1e-85f4-4fc7-ba78-ca913f7f56a5,,Sorghum 1kg,9500,,False,True,SED00075,active,0,2026-05-28T13:44:22.626402+00:00
,,,Seeds,2026-05-28T13:44:22.626402+00:00,5b5f8ef0-762a-40e1-9c3e-1c671fc49b47,,,1.3245454160132242,False,d18c21c6-7f5c-4974-95dc-d7fce640fbb3,,Spinach Swiss Chard 10g Syova,5000,,False,True,SED00076,active,103,2026-05-28T13:44:22.626402+00:00
,,,Seeds,2026-05-28T13:44:22.626402+00:00,5b5f8ef0-762a-40e1-9c3e-1c671fc49b47,,,1.589454499215869,False,9c362a53-e60c-4348-b3f0-56acf647c561,,Spinach Syova 50g,6000,,False,True,SED00077,active,16,2026-05-28T13:44:22.626402+00:00
,,,Seeds,2026-05-28T13:44:22.626402+00:00,5b5f8ef0-762a-40e1-9c3e-1c671fc49b47,,,9.271817912092569,False,1eb719d2-19b9-4344-90cb-575d513e9e45,,Sukari F1 - Watermelon,35000,,False,True,SED00078,active,44,2026-05-28T13:44:22.626402+00:00
,,,Seeds,2026-05-28T13:44:22.626402+00:00,5b5f8ef0-762a-40e1-9c3e-1c671fc49b47,,,39.73636248039673,False,2d567eeb-8c80-4900-9fa3-fb8f7a0f1435,,Sukari F1 - Watermelon250g,150000,,False,True,SED00079,active,40,2026-05-28T13:44:22.626402+00:00
,,,Seeds,2026-05-28T13:44:22.626402+00:00,5b5f8ef0-762a-40e1-9c3e-1c671fc49b47,,,1.3245454160132242,False,5670cc13-c41c-4456-a652-7e6b494bc2bf,,Sukuma 50g Syova,5000,,False,True,SED00081,active,94,2026-05-28T13:44:22.626402+00:00
,,,Seeds,2026-05-28T13:44:22.626402+00:00,5b5f8ef0-762a-40e1-9c3e-1c671fc49b47,,,1.3245454160132242,False,37444a52-9420-4ede-a116-5053b7695177,,Sukuma Swiss Chard Food hock Giant FSA,5000,,False,True,SED00082,active,0,2026-05-28T13:44:22.626402+00:00
,,,Seeds,2026-05-28T13:44:22.626402+00:00,5b5f8ef0-762a-40e1-9c3e-1c671fc49b47,,,1.3245454160132242,False,1639e2c6-8c36-4aec-a244-db7289c844ec,,Sukuma Wiki 50g_Top Seeds,5000,,False,True,SED00083,active,45,2026-05-28T13:44:22.626402+00:00
,,,Seeds,2026-05-28T13:44:22.626402+00:00,5b5f8ef0-762a-40e1-9c3e-1c671fc49b47,,,0.7947272496079345,False,09ce2aaf-3f95-4632-a897-607f32b631c2,,Sukuma Wiki- Collards,3000,,False,True,SED00084,active,495,2026-05-28T13:44:22.626402+00:00
,,,Seeds,2026-05-28T13:44:22.626402+00:00,5b5f8ef0-762a-40e1-9c3e-1c671fc49b47,,,18.543635824185138,False,16d8f1a6-bb81-4fea-af46-00f548efd04a,,Sunflower kg,70000,,False,True,SED00085,active,20,2026-05-28T13:44:22.626402+00:00
,,,Seeds,2026-05-28T13:44:22.626402+00:00,5b5f8ef0-762a-40e1-9c3e-1c671fc49b47,,,1.1920908744119019,False,fdb27c09-0fde-4791-97b5-d14140928ef0,,Swift Maize,4500,,False,True,SED00086,active,54,2026-05-28T13:44:22.626402+00:00
,,,Seeds,2026-05-28T13:44:22.626402+00:00,5b5f8ef0-762a-40e1-9c3e-1c671fc49b47,,,21.192726656211587,False,245fda89-c48e-405e-b63c-03a7f37efaf8,,Tomato Ansal F1,80000,,False,True,SED00089,active,58,2026-05-28T13:44:22.626402+00:00
,,,Seeds,2026-05-28T13:44:22.626402+00:00,5b5f8ef0-762a-40e1-9c3e-1c671fc49b47,,,18.543635824185138,False,2c4e0a5b-f2bf-46fb-91eb-bf464a9c532b,,Tomato Padma 10g,70000,,False,True,SED00090,active,26,2026-05-28T13:44:22.626402+00:00
,,,Seeds,2026-05-28T13:44:22.626402+00:00,5b5f8ef0-762a-40e1-9c3e-1c671fc49b47,,,13.245454160132242,False,3714faaf-70c1-4ed9-9ff5-7af73c13f167,,Tomato Padma 5g,50000,,False,True,SED00091,active,53,2026-05-28T13:44:22.626402+00:00
,,,Seeds,2026-05-28T13:44:22.626402+00:00,5b5f8ef0-762a-40e1-9c3e-1c671fc49b47,,,5.298181664052897,False,72e70759-cf1f-404d-a991-ae735052c150,,Tomato Rio Grande 50g Jubaili,20000,,False,True,SED00092,active,35,2026-05-28T13:44:22.626402+00:00
,,,Seeds,2026-05-28T13:44:22.626402+00:00,5b5f8ef0-762a-40e1-9c3e-1c671fc49b47,,,2.6490908320264483,False,a853ed08-1e65-4e7f-b440-ef780fecbe63,,Tomato RioGrande 10g Syova,10000,,False,True,SED00093,active,84,2026-05-28T13:44:22.626402+00:00
,,,Seeds,2026-05-28T13:44:22.626402+00:00,5b5f8ef0-762a-40e1-9c3e-1c671fc49b47,,,39.73636248039673,False,b52022aa-4b13-400d-8337-47a13da14a73,,Tomato Safa F1 10G,150000,,False,True,SED00094,active,2,2026-05-28T13:44:22.626402+00:00
,,,Seeds,2026-05-28T13:44:22.626402+00:00,5b5f8ef0-762a-40e1-9c3e-1c671fc49b47,,,58.279998304581866,False,e748752c-c40a-4dc9-9fda-e7b1e2e48f4b,,Tomato pele 10gms,220000,,False,True,SED00095,active,10,2026-05-28T13:44:22.626402+00:00
,,,Seeds,2026-05-28T13:44:22.626402+00:00,5b5f8ef0-762a-40e1-9c3e-1c671fc49b47,,,143.0509049294282,False,c986ca21-756b-4430-a484-1e16ee74754c,,Tomato pele 25gms,540000,,False,True,SED00096,active,0,2026-05-28T13:44:22.626402+00:00
,,,Seeds,2026-05-28T13:44:22.626402+00:00,5b5f8ef0-762a-40e1-9c3e-1c671fc49b47,,,2.9139999152290934,False,f8ad9498-7b4c-46c1-af4c-230071a3bbc7,,Turbo 71 Maize Seeds,11000,,False,True,SED00097,active,0,2026-05-28T13:44:22.626402+00:00
,,,Seeds,2026-05-28T13:44:22.626402+00:00,5b5f8ef0-762a-40e1-9c3e-1c671fc49b47,,,49.008180392489294,False,de113336-3a24-4efa-88da-3648b58eb05f,,Watermelon Anita F1,185000,,False,True,SED00098,active,1,2026-05-28T13:44:22.626402+00:00
,,,Seeds,2026-05-28T13:44:22.626402+00:00,5b5f8ef0-762a-40e1-9c3e-1c671fc49b47,,,2.6490908320264483,False,60c9e9e6-d28d-4ef2-b101-e9f09cabdd20,,Watermelon Sukari F1 10g,10000,,False,True,SED00099,active,0,2026-05-28T13:44:22.626402+00:00
,,,Seeds,2026-05-28T13:44:22.626402+00:00,5b5f8ef0-762a-40e1-9c3e-1c671fc49b47,,,42.385453312423174,False,b4add390-ed08-4343-a1a0-c39382d4bd59,,Yash 250g,160000,,False,True,SED00100,active,5,2026-05-28T13:44:22.626402+00:00
,,,Seeds,2026-05-28T13:44:22.886005+00:00,5b5f8ef0-762a-40e1-9c3e-1c671fc49b47,,,11.920908744119018,False,246a9b5f-1517-4c29-8e7f-6edd5c62b772,,Yash F1 - Watermelon,45000,,False,True,SED00101,active,73,2026-05-28T13:44:22.886005+00:00
,,,Ferterlizers,2026-05-28T13:44:22.886005+00:00,5b5f8ef0-762a-40e1-9c3e-1c671fc49b47,,,5.827999830458187,False,f34d9eed-da1b-4030-a3f0-57eb688b3563,,Agrilime 30kg Agape,22000,,False,True,FERT00001,active,0,2026-05-28T13:44:22.886005+00:00
,,,Ferterlizers,2026-05-28T13:44:22.886005+00:00,5b5f8ef0-762a-40e1-9c3e-1c671fc49b47,,,4.7683634976476075,False,4e44d05d-1585-41a4-ac8f-216cae027584,,Allwin Goldstar- ltr,18000,,False,True,FERT00002,active,42,2026-05-28T13:44:22.886005+00:00
,,,Ferterlizers,2026-05-28T13:44:22.886005+00:00,5b5f8ef0-762a-40e1-9c3e-1c671fc49b47,,,0.7947272496079345,False,867ec2c4-b147-4cec-a561-a9295f3b4e85,,Allwin Goldstar-100mls,3000,,False,True,FERT00003,active,19,2026-05-28T13:44:22.886005+00:00
,,,Ferterlizers,2026-05-28T13:44:22.886005+00:00,5b5f8ef0-762a-40e1-9c3e-1c671fc49b47,,,2.6490908320264483,False,341f5eb5-718f-43c7-9c08-9b5d4b941bbe,,Allwin Goldstar-500mls,10000,,False,True,FERT00004,active,220,2026-05-28T13:44:22.886005+00:00
,,,Ferterlizers,2026-05-28T13:44:22.886005+00:00,5b5f8ef0-762a-40e1-9c3e-1c671fc49b47,,,2.3841817488238037,False,8816d64c-8e2a-4241-ab58-15cc3f4a3fef,,Aminocop 1ltr,9000,,False,True,FERT00005,active,249,2026-05-28T13:44:22.886005+00:00
,,,Ferterlizers,2026-05-28T13:44:22.886005+00:00,5b5f8ef0-762a-40e1-9c3e-1c671fc49b47,,,1.1920908744119019,False,d256810d-4dec-42b3-a294-7d075d5c7070,,Aminocop-500mls,4500,,False,True,FERT00006,active,112,2026-05-28T13:44:22.886005+00:00
,,,Ferterlizers,2026-05-28T13:44:22.886005+00:00,5b5f8ef0-762a-40e1-9c3e-1c671fc49b47,,,1.589454499215869,False,cfab212a-97c8-4a35-945d-54ccca637c08,,Bio gro plus 500mls,6000,,False,True,FERT00007,active,362,2026-05-28T13:44:22.886005+00:00
,,,Ferterlizers,2026-05-28T13:44:22.886005+00:00,5b5f8ef0-762a-40e1-9c3e-1c671fc49b47,,,2.9139999152290934,False,9dac47db-4cc1-46b3-a4e6-3289a0bdcfae,,Bio gro plus ltr,11000,,False,True,FERT00008,active,6,2026-05-28T13:44:22.886005+00:00
,,,Ferterlizers,2026-05-28T13:44:22.886005+00:00,5b5f8ef0-762a-40e1-9c3e-1c671fc49b47,,,3.443818081634383,False,1691a7cc-c7a6-4e74-a6f8-bfa8fbc4d882,,Blackoff natural fertiliser 500ml,13000,,False,True,FERT00009,active,0,2026-05-28T13:44:22.886005+00:00
,,,Ferterlizers,2026-05-28T13:44:22.886005+00:00,5b5f8ef0-762a-40e1-9c3e-1c671fc49b47,,,6.622727080066121,False,39311a11-3f1b-4a62-85cb-4742ff7794cd,,Blackoff natural fertilizer ltr,25000,,False,True,FERT00010,active,0,2026-05-28T13:44:22.886005+00:00
,,,Ferterlizers,2026-05-28T13:44:22.886005+00:00,5b5f8ef0-762a-40e1-9c3e-1c671fc49b47,,,1.1920908744119019,False,c85266c6-2643-4a34-8762-b74204f8d3f3,,Boostar fast 500mla,4500,,False,True,FERT00011,active,440,2026-05-28T13:44:22.886005+00:00
,,,Ferterlizers,2026-05-28T13:44:22.886005+00:00,5b5f8ef0-762a-40e1-9c3e-1c671fc49b47,,,0.5298181664052897,False,b3670e31-4e8d-4b6a-9014-018e929122c7,,CAN Falcon 500g,2000,,False,True,FERT00012,active,0,2026-05-28T13:44:22.886005+00:00
,,,Ferterlizers,2026-05-28T13:44:22.886005+00:00,5b5f8ef0-762a-40e1-9c3e-1c671fc49b47,,,19.868181240198364,False,8aa8ca30-756a-496e-98de-87c90abac65f,,Calcigrow 50g,75000,,False,True,FERT00013,active,43,2026-05-28T13:44:22.886005+00:00
,,,Ferterlizers,2026-05-28T13:44:22.886005+00:00,5b5f8ef0-762a-40e1-9c3e-1c671fc49b47,,,0.5298181664052897,False,bc71fff3-364e-4984-b16a-2bb7ea46e366,,Calcigrow kg,2000,,False,True,FERT00014,active,0,2026-05-28T13:44:22.886005+00:00
,,,Ferterlizers,2026-05-28T13:44:22.886005+00:00,5b5f8ef0-762a-40e1-9c3e-1c671fc49b47,,,2.1192726656211587,False,65723e6a-5b7f-4f4c-82b5-acde923ee1d8,,Carrot Nantes 50g,8000,,False,True,FERT00015,active,10,2026-05-28T13:44:22.886005+00:00
,,,Ferterlizers,2026-05-28T13:44:22.886005+00:00,5b5f8ef0-762a-40e1-9c3e-1c671fc49b47,,,3.443818081634383,False,25fc9ac3-cae9-4048-99f3-b305fbf77dea,,Crop Champion,13000,,False,True,FERT00016,active,0,2026-05-28T13:44:22.886005+00:00
,,,Ferterlizers,2026-05-28T13:44:22.886005+00:00,5b5f8ef0-762a-40e1-9c3e-1c671fc49b47,,,1.589454499215869,False,f8b0c268-4a45-4afb-8224-60c7f588ba4d,,Crop Champion 150g,6000,,False,True,FERT00017,active,3,2026-05-28T13:44:22.886005+00:00
,,,Ferterlizers,2026-05-28T13:44:22.886005+00:00,5b5f8ef0-762a-40e1-9c3e-1c671fc49b47,,,59.60454372059509,False,0d0e0ef7-7345-48f7-96b5-3de6c98b16e3,,DAP 50kgs,225000,,False,True,FERT00018,active,17,2026-05-28T13:44:22.886005+00:00
,,,Ferterlizers,2026-05-28T13:44:22.886005+00:00,5b5f8ef0-762a-40e1-9c3e-1c671fc49b47,,,0.7947272496079345,False,0f24c4db-a3be-49bb-be2f-05614a606eb1,,Di Ammonium Phosphate- Bags (500g),3000,,False,True,FERT00019,active,0,2026-05-28T13:44:22.886005+00:00
,,,Ferterlizers,2026-05-28T13:44:22.886005+00:00,5b5f8ef0-762a-40e1-9c3e-1c671fc49b47,,,0.7947272496079345,False,05ce0c39-31ba-4d52-9a7c-43d6f7dd726c,,Di Ammonium Phosphate-500g,3000,,False,True,FERT00020,active,0,2026-05-28T13:44:22.886005+00:00
,,,Ferterlizers,2026-05-28T13:44:22.886005+00:00,5b5f8ef0-762a-40e1-9c3e-1c671fc49b47,,,1.8543635824185138,False,fba8eef9-9b25-4611-b620-5abf5763f67c,,Easygro Calcium,7000,,False,True,FERT00021,active,0,2026-05-28T13:44:22.886005+00:00
,,,Ferterlizers,2026-05-28T13:44:22.886005+00:00,5b5f8ef0-762a-40e1-9c3e-1c671fc49b47,,,1.8543635824185138,False,42da08f6-be84-40ba-9568-b50503b3be30,,Easygro Flower and Fruit,7000,,False,True,FERT00022,active,57,2026-05-28T13:44:22.886005+00:00
,,,Ferterlizers,2026-05-28T13:44:22.886005+00:00,5b5f8ef0-762a-40e1-9c3e-1c671fc49b47,,,2.6490908320264483,False,18ac3751-095f-41e6-a1ae-bd01064c8d3a,,Easygro Flower and Fruit,10000,,False,True,FERT00023,active,52,2026-05-28T13:44:22.886005+00:00
,,,Ferterlizers,2026-05-28T13:44:22.886005+00:00,5b5f8ef0-762a-40e1-9c3e-1c671fc49b47,,,4.503454414444962,False,6eb2959b-18eb-46cc-9bf0-e1cc2fb570b2,,Easygro Flower and Fruit kg,17000,,False,True,FERT00024,active,1,2026-05-28T13:44:22.886005+00:00
,,,Ferterlizers,2026-05-28T13:44:22.886005+00:00,5b5f8ef0-762a-40e1-9c3e-1c671fc49b47,,,1.8543635824185138,False,00d64ef0-16bd-4f0c-a32e-ea2e160e853a,,Easygro Starter,7000,,False,True,FERT00025,active,29,2026-05-28T13:44:22.886005+00:00
,,,Ferterlizers,2026-05-28T13:44:22.886005+00:00,5b5f8ef0-762a-40e1-9c3e-1c671fc49b47,,,1.8543635824185138,False,add85a6f-55c5-4565-8197-114d3d17d7a7,,Easygro Vegetative,7000,,False,True,FERT00026,active,50,2026-05-28T13:44:22.886005+00:00
,,,Ferterlizers,2026-05-28T13:44:22.886005+00:00,5b5f8ef0-762a-40e1-9c3e-1c671fc49b47,,,2.6490908320264483,False,cec70b51-e54c-4cf7-a35e-081951565db8,,Easygro Vegetative 500g,10000,,False,True,FERT00027,active,3,2026-05-28T13:44:22.886005+00:00
,,,Ferterlizers,2026-05-28T13:44:22.886005+00:00,5b5f8ef0-762a-40e1-9c3e-1c671fc49b47,,,3.9736362480396727,False,ce320688-36c8-4938-bdba-01a3db3942d3,,Easygro Vegetative kg,15000,,False,True,FERT00028,active,1,2026-05-28T13:44:22.886005+00:00
,,,Ferterlizers,2026-05-28T13:44:22.886005+00:00,5b5f8ef0-762a-40e1-9c3e-1c671fc49b47,,,2.6490908320264483,False,8ccddfc9-3337-447c-9062-c63ba13c3c4a,,Easygrow Starter 500g,10000,,False,True,FERT00029,active,49,2026-05-28T13:44:22.886005+00:00
,,,Ferterlizers,2026-05-28T13:44:22.886005+00:00,5b5f8ef0-762a-40e1-9c3e-1c671fc49b47,,,38.411817064383506,False,16702df1-9be8-497c-878b-5a4702f15703,,Falcon Can 50kg,145000,,False,True,FERT00030,active,98,2026-05-28T13:44:22.886005+00:00
,,,Ferterlizers,2026-05-28T13:44:22.886005+00:00,5b5f8ef0-762a-40e1-9c3e-1c671fc49b47,,,4.238545331242317,False,8de50f41-19c6-4e30-ba20-3c40645a2486,,Folcrop-500mls,16000,,False,True,FERT00031,active,186,2026-05-28T13:44:22.886005+00:00
,,,Ferterlizers,2026-05-28T13:44:22.886005+00:00,5b5f8ef0-762a-40e1-9c3e-1c671fc49b47,,,7.9472724960793455,False,6d7a762f-527f-4a51-8c4e-d9f6b0124f63,,Folcrop-ltr,30000,,False,True,FERT00032,active,43,2026-05-28T13:44:22.886005+00:00
,,,Ferterlizers,2026-05-28T13:44:22.886005+00:00,5b5f8ef0-762a-40e1-9c3e-1c671fc49b47,,,4.7683634976476075,False,f84a6ed8-a46e-4a18-9532-3958425c2fda,,Gatit,18000,,False,True,FERT00033,active,18,2026-05-28T13:44:22.886005+00:00
,,,Ferterlizers,2026-05-28T13:44:22.886005+00:00,5b5f8ef0-762a-40e1-9c3e-1c671fc49b47,,,1.8543635824185138,False,f7924bac-2226-4365-ac41-cf5b46b0fec4,,Gatit Super Flower & Fruit,7000,,False,True,FERT00034,active,11,2026-05-28T13:44:22.886005+00:00
,,,Ferterlizers,2026-05-28T13:44:22.886005+00:00,5b5f8ef0-762a-40e1-9c3e-1c671fc49b47,,,2.6490908320264483,False,bbfee7e6-5f8d-4aa0-a15a-1e082ffab306,,Gatit Super Flower & Fruit 500g,10000,,False,True,FERT00035,active,33,2026-05-28T13:44:22.886005+00:00
,,,Ferterlizers,2026-05-28T13:44:22.886005+00:00,5b5f8ef0-762a-40e1-9c3e-1c671fc49b47,,,0.6622727080066121,False,5c33e5ce-b28a-49b4-b2bf-057246e56c5a,,Golden drop 20mls,2500,,False,True,FERT00036,active,0,2026-05-28T13:44:22.886005+00:00
,,,Ferterlizers,2026-05-28T13:44:22.886005+00:00,5b5f8ef0-762a-40e1-9c3e-1c671fc49b47,,,1.0596363328105793,False,bcad46bf-5cf2-4e28-91a5-2d90e6435b45,,Golden drop 50mls,4000,,False,True,FERT00037,active,0,2026-05-28T13:44:22.886005+00:00
,,,Ferterlizers,2026-05-28T13:44:22.886005+00:00,5b5f8ef0-762a-40e1-9c3e-1c671fc49b47,,,0.5298181664052897,False,e24302da-6c2b-4378-bf81-0fa410cfc2f2,,Grain Pulse Banana Fertilizer-500g,2000,,False,True,FERT00038,active,0,2026-05-28T13:44:22.886005+00:00
,,,Ferterlizers,2026-05-28T13:44:22.886005+00:00,5b5f8ef0-762a-40e1-9c3e-1c671fc49b47,,,46.35908956046285,False,9f54ce64-b002-4707-b30d-743b1c1761ba,,Grain Pulse Banana Fertilizer-50kg,175000,,False,True,FERT00039,active,29,2026-05-28T13:44:22.886005+00:00
,,,Ferterlizers,2026-05-28T13:44:22.886005+00:00,5b5f8ef0-762a-40e1-9c3e-1c671fc49b47,,,45.034544144449626,False,934bfd38-c16c-489b-b225-4c9fba892011,,Grain Pulse Coffee Fertilizer-50kgs,170000,,False,True,FERT00040,active,501,2026-05-28T13:44:22.886005+00:00
,,,Ferterlizers,2026-05-28T13:44:22.886005+00:00,5b5f8ef0-762a-40e1-9c3e-1c671fc49b47,,,49.008180392489294,False,e66aeba9-a577-4827-8351-17a5a091c630,,Grain Pulse MAIZE 50Kg,185000,,False,True,FERT00041,active,551,2026-05-28T13:44:22.886005+00:00
,,,Ferterlizers,2026-05-28T13:44:22.886005+00:00,5b5f8ef0-762a-40e1-9c3e-1c671fc49b47,,,39.73636248039673,False,e1df927d-c62f-40db-9890-d91ace95b793,,Grain Pulse NPK 17171750kgs,150000,,False,True,FERT00043,active,0,2026-05-28T13:44:22.886005+00:00
,,,Ferterlizers,2026-05-28T13:44:22.886005+00:00,5b5f8ef0-762a-40e1-9c3e-1c671fc49b47,,,0.5298181664052897,False,d69acc45-785c-4b3d-b439-1888824e2722,,Grain Pulse NPK171717-500g,2000,,False,True,FERT00044,active,0,2026-05-28T13:44:22.886005+00:00
,,,Ferterlizers,2026-05-28T13:44:22.886005+00:00,5b5f8ef0-762a-40e1-9c3e-1c671fc49b47,,,45.034544144449626,False,e70bd79c-3638-40ed-a616-187790de5874,,Grain Pulse SOP-50kg,170000,,False,True,FERT00045,active,0,2026-05-28T13:44:22.886005+00:00
,,,Ferterlizers,2026-05-28T13:44:22.886005+00:00,5b5f8ef0-762a-40e1-9c3e-1c671fc49b47,,,0.5298181664052897,False,be93ad38-c04c-458c-b277-557c6b55db1d,,Grain Pulse Tomato Fertiliser-500g,2000,,False,True,FERT00046,active,0,2026-05-28T13:44:22.886005+00:00
,,,Ferterlizers,2026-05-28T13:44:22.886005+00:00,5b5f8ef0-762a-40e1-9c3e-1c671fc49b47,,,50.33272580850252,False,8e75d725-7ca1-43f3-81d8-4f23e415c940,,Grain Pulse Tomato Fertiliser-50kg,190000,,False,True,FERT00047,active,41,2026-05-28T13:44:22.886005+00:00
,,,Ferterlizers,2026-05-28T13:44:22.886005+00:00,5b5f8ef0-762a-40e1-9c3e-1c671fc49b47,,,0.5298181664052897,False,37b19f53-2009-46e6-a380-c6bc282d487e,,Grain pluse coffe 500g,2000,,False,True,FERT00048,active,0,2026-05-28T13:44:22.886005+00:00
,,,Ferterlizers,2026-05-28T13:44:23.133084+00:00,5b5f8ef0-762a-40e1-9c3e-1c671fc49b47,,,1.8543635824185138,False,dc93be9f-98a0-46a6-88a4-6438a8882aa8,,Green Crop,7000,,False,True,FERT00050,active,14,2026-05-28T13:44:23.133084+00:00
,,,Ferterlizers,2026-05-28T13:44:23.133084+00:00,5b5f8ef0-762a-40e1-9c3e-1c671fc49b47,,,4.238545331242317,False,0d51d7b9-aa26-4470-9276-825d510c1e77,,Green Miracle,16000,,False,True,FERT00051,active,58,2026-05-28T13:44:23.133084+00:00
,,,Ferterlizers,2026-05-28T13:44:23.133084+00:00,5b5f8ef0-762a-40e1-9c3e-1c671fc49b47,,,7.9472724960793455,False,8b5fcc0d-573a-4352-bfb0-4614e31853a5,,Green Miracle,30000,,False,True,FERT00052,active,14,2026-05-28T13:44:23.133084+00:00
,,,Ferterlizers,2026-05-28T13:44:23.133084+00:00,5b5f8ef0-762a-40e1-9c3e-1c671fc49b47,,,2.1192726656211587,False,93339446-3d3c-4880-9191-cd07e7b930ea,,Green Miracle  250mls,8000,,False,True,FERT00053,active,1,2026-05-28T13:44:23.133084+00:00
,,,Ferterlizers,2026-05-28T13:44:23.133084+00:00,5b5f8ef0-762a-40e1-9c3e-1c671fc49b47,,,2.6490908320264483,False,880539c5-a4e5-41b6-a608-dc9fb6e38503,,Humate 1kg,10000,,False,True,FERT00054,active,0,2026-05-28T13:44:23.133084+00:00
,,,Ferterlizers,2026-05-28T13:44:23.133084+00:00,5b5f8ef0-762a-40e1-9c3e-1c671fc49b47,,,4.238545331242317,False,4ca69b33-85dd-43fa-9c8a-d24f9e80143b,,Kara 500mls,16000,,False,True,FERT00055,active,78,2026-05-28T13:44:23.133084+00:00
,,,Ferterlizers,2026-05-28T13:44:23.133084+00:00,5b5f8ef0-762a-40e1-9c3e-1c671fc49b47,,,6.887636163268766,False,197b77d4-9ac5-4a5a-9d6f-b7a8b711c592,,Kara Litre,26000,,False,True,FERT00056,active,5,2026-05-28T13:44:23.133084+00:00
,,,Ferterlizers,2026-05-28T13:44:23.133084+00:00,5b5f8ef0-762a-40e1-9c3e-1c671fc49b47,,,1.589454499215869,False,fdaa50eb-a871-490a-9232-7b294271196a,,Mazao Fruit And Flower 250,6000,,False,True,FERT00057,active,0,2026-05-28T13:44:23.133084+00:00
,,,Ferterlizers,2026-05-28T13:44:23.133084+00:00,5b5f8ef0-762a-40e1-9c3e-1c671fc49b47,,,4.238545331242317,False,6889ca62-ecb8-4f89-ad90-4adad8e7bc0f,,Mazao Fruit and Flower 1kg,16000,,False,True,FERT00058,active,0,2026-05-28T13:44:23.133084+00:00
,,,Ferterlizers,2026-05-28T13:44:23.133084+00:00,5b5f8ef0-762a-40e1-9c3e-1c671fc49b47,,,2.6490908320264483,False,75a53e4f-128a-4865-a064-0d5179b459fd,,Mazao Super Fruit And Flower 500g,10000,,False,True,FERT00059,active,0,2026-05-28T13:44:23.133084+00:00
,,,Ferterlizers,2026-05-28T13:44:23.133084+00:00,5b5f8ef0-762a-40e1-9c3e-1c671fc49b47,,,1.589454499215869,False,18c2aca7-01b4-4bed-95c6-96b0d4c9df74,,Mazao Super Total 250g,6000,,False,True,FERT00060,active,0,2026-05-28T13:44:23.133084+00:00
,,,Ferterlizers,2026-05-28T13:44:23.133084+00:00,5b5f8ef0-762a-40e1-9c3e-1c671fc49b47,,,1.589454499215869,False,1cccdae8-fd27-4379-84a1-e9803d36500a,,Mazao Super Vegetative 250g,6000,,False,True,FERT00061,active,24,2026-05-28T13:44:23.133084+00:00
,,,Ferterlizers,2026-05-28T13:44:23.133084+00:00,5b5f8ef0-762a-40e1-9c3e-1c671fc49b47,,,1.3245454160132242,False,ea23ec4d-563c-478a-93a8-e16585eff802,,Micro Food (All Crops)-250gm,5000,,False,True,FERT00062,active,329,2026-05-28T13:44:23.133084+00:00
,,,Ferterlizers,2026-05-28T13:44:23.133084+00:00,5b5f8ef0-762a-40e1-9c3e-1c671fc49b47,,,1.3245454160132242,False,7a6cb6c3-862a-4a87-a83b-d549eb07ff1a,,Micro Food-Cassava Follar-250gm,5000,,False,True,FERT00063,active,107,2026-05-28T13:44:23.133084+00:00
,,,Ferterlizers,2026-05-28T13:44:23.133084+00:00,5b5f8ef0-762a-40e1-9c3e-1c671fc49b47,,,5.033272580850252,False,6e8bf42c-5da6-4caa-ab65-516d672cfd20,,Multi npK (13:2:44),19000,,False,True,FERT00064,active,1,2026-05-28T13:44:23.133084+00:00
,,,Ferterlizers,2026-05-28T13:44:23.133084+00:00,5b5f8ef0-762a-40e1-9c3e-1c671fc49b47,,,0.5298181664052897,False,66265b3b-78dc-4993-9f4d-a0a4c7a02adb,,NPK 17:17:17 500g,2000,,False,True,FERT00065,active,0,2026-05-28T13:44:23.133084+00:00
,,,Ferterlizers,2026-05-28T13:44:23.133084+00:00,5b5f8ef0-762a-40e1-9c3e-1c671fc49b47,,,0.6622727080066121,False,076ef3fc-f191-4978-8cac-ac792d636cc6,,NPK Java(26:5:5) 500g,2500,,False,True,FERT00066,active,0,2026-05-28T13:44:23.133084+00:00
,,,Ferterlizers,2026-05-28T13:44:23.133084+00:00,5b5f8ef0-762a-40e1-9c3e-1c671fc49b47,,,39.73636248039673,False,f6eb9f9f-50eb-4096-ba6d-448b9594590a,,Npk 17 17 17 Africa One,150000,,False,True,FERT00067,active,0,2026-05-28T13:44:23.133084+00:00
,,,Ferterlizers,2026-05-28T13:44:23.133084+00:00,5b5f8ef0-762a-40e1-9c3e-1c671fc49b47,,,3.7087271648370277,False,a806a6db-657c-4e36-a8ca-3e0edcda7eff,,Nutriplant-100ml,14000,,False,True,FERT00068,active,356,2026-05-28T13:44:23.133084+00:00
,,,Ferterlizers,2026-05-28T13:44:23.133084+00:00,5b5f8ef0-762a-40e1-9c3e-1c671fc49b47,,,29.139999152290933,False,1216e00b-718b-42df-b224-fc7da6c82dc5,,Nutriplant-1Ltr,110000,,False,True,FERT00069,active,13,2026-05-28T13:44:23.133084+00:00
,,,Ferterlizers,2026-05-28T13:44:23.133084+00:00,5b5f8ef0-762a-40e1-9c3e-1c671fc49b47,,,0.6622727080066121,False,518f925c-e71d-418b-afb6-297d78b04b2b,,Nutriplant-1Ltr-20mls,2500,,False,True,FERT00070,active,0,2026-05-28T13:44:23.133084+00:00
,,,Ferterlizers,2026-05-28T13:44:23.133084+00:00,5b5f8ef0-762a-40e1-9c3e-1c671fc49b47,,,1.0596363328105793,False,6c867b7e-581a-447c-bce9-cccc813bfeb9,,Rapid fast 500mls,4000,,False,True,FERT00071,active,447,2026-05-28T13:44:23.133084+00:00
,,,Ferterlizers,2026-05-28T13:44:23.133084+00:00,5b5f8ef0-762a-40e1-9c3e-1c671fc49b47,,,1.589454499215869,False,609f3b26-9de8-4636-ae21-b40090564a47,,Rebearth,6000,,False,True,FERT00072,active,37,2026-05-28T13:44:23.133084+00:00
,,,Ferterlizers,2026-05-28T13:44:23.133084+00:00,5b5f8ef0-762a-40e1-9c3e-1c671fc49b47,,,1.3245454160132242,False,33ba5364-11e2-40ae-9bd6-67eefb1250c1,,Rhizobia Beans,5000,,False,True,FERT00073,active,1,2026-05-28T13:44:23.133084+00:00
,,,Ferterlizers,2026-05-28T13:44:23.133084+00:00,5b5f8ef0-762a-40e1-9c3e-1c671fc49b47,,,39.73636248039673,False,33f6e43f-5c47-4d52-b95c-6a9837de8855,,Rootex 1 Kg,150000,,False,True,FERT00074,active,1,2026-05-28T13:44:23.133084+00:00
,,,Ferterlizers,2026-05-28T13:44:23.133084+00:00,5b5f8ef0-762a-40e1-9c3e-1c671fc49b47,,,11.920908744119018,False,de042f9c-9cbc-454d-be23-d9c0ca4243c1,,Sativa Litre,45000,,False,True,FERT00075,active,0,2026-05-28T13:44:23.133084+00:00
,,,Ferterlizers,2026-05-28T13:44:23.133084+00:00,5b5f8ef0-762a-40e1-9c3e-1c671fc49b47,,,7.9472724960793455,False,2578ba71-e226-43e5-8d0f-ad85818c0796,,Satva 500mls,30000,,False,True,FERT00076,active,0,2026-05-28T13:44:23.133084+00:00
,,,Ferterlizers,2026-05-28T13:44:23.133084+00:00,5b5f8ef0-762a-40e1-9c3e-1c671fc49b47,,,7.152545246471411,False,8c98a986-bd83-4754-a8ed-dfcbb346ba60,,Satva Bio Stimulant 250ml,27000,,False,True,FERT00077,active,32,2026-05-28T13:44:23.133084+00:00
,,,Ferterlizers,2026-05-28T13:44:23.133084+00:00,5b5f8ef0-762a-40e1-9c3e-1c671fc49b47,,,34.43818081634383,False,5d1d08e4-a57f-44a6-9b15-2bde1c480b64,,Sulfan 50kg,130000,,False,True,FERT00078,active,1,2026-05-28T13:44:23.133084+00:00
,,,Ferterlizers,2026-05-28T13:44:23.133084+00:00,5b5f8ef0-762a-40e1-9c3e-1c671fc49b47,,,2.9139999152290934,False,c9f268f9-12bf-4852-be39-ec2363b73df4,,Super Green 1ltr,11000,,False,True,FERT00079,active,0,2026-05-28T13:44:23.133084+00:00
,,,Ferterlizers,2026-05-28T13:44:23.133084+00:00,5b5f8ef0-762a-40e1-9c3e-1c671fc49b47,,,1.4569999576145467,False,a6b88b2b-ba00-4a4c-bf6d-88355f9741ca,,Super Green 500mls,5500,,False,True,FERT00080,active,79,2026-05-28T13:44:23.133084+00:00
,,,Ferterlizers,2026-05-28T13:44:23.133084+00:00,5b5f8ef0-762a-40e1-9c3e-1c671fc49b47,,,2.6490908320264483,False,0660bc61-4f4a-4da4-ae69-89568f5d6a26,,Super Green-1Kg,10000,,False,True,FERT00081,active,162,2026-05-28T13:44:23.133084+00:00
,,,Ferterlizers,2026-05-28T13:44:23.133084+00:00,5b5f8ef0-762a-40e1-9c3e-1c671fc49b47,,,74.17454329674055,False,692fe260-57b3-45c5-87a5-cf694fbe3e09,,Super Gro 5Liter Jerrycan,280000,,False,True,FERT00082,active,14,2026-05-28T13:44:23.133084+00:00
,,,Ferterlizers,2026-05-28T13:44:23.133084+00:00,5b5f8ef0-762a-40e1-9c3e-1c671fc49b47,,,0.39736362480396725,False,af65b0e2-ba15-4f98-8031-e96b29f192ad,,Super gro 20mls,1500,,False,True,FERT00083,active,0,2026-05-28T13:44:23.133084+00:00
,,,Ferterlizers,2026-05-28T13:44:23.133084+00:00,5b5f8ef0-762a-40e1-9c3e-1c671fc49b47,,,4.7683634976476075,False,9ad63a3d-5fcf-4a1d-b15f-6873cc3bc1f4,,Synergiser NPK 8:32:4+TE,18000,,False,True,FERT00084,active,3,2026-05-28T13:44:23.133084+00:00
,,,Ferterlizers,2026-05-28T13:44:23.133084+00:00,5b5f8ef0-762a-40e1-9c3e-1c671fc49b47,,,3.443818081634383,False,dafed276-6062-4b4d-8b9f-b23c0872a9a2,,Synergiser NPK 8:32:4+TE,13000,,False,True,FERT00085,active,46,2026-05-28T13:44:23.133084+00:00
,,,Ferterlizers,2026-05-28T13:44:23.133084+00:00,5b5f8ef0-762a-40e1-9c3e-1c671fc49b47,,,3.443818081634383,False,3e5977ab-e26d-4294-ba49-ec29dc2800df,,Synergizer 500mls,13000,,False,True,FERT00086,active,7,2026-05-28T13:44:23.133084+00:00
,,,Ferterlizers,2026-05-28T13:44:23.133084+00:00,5b5f8ef0-762a-40e1-9c3e-1c671fc49b47,,,45.034544144449626,False,f9d3f7b2-6a1e-4502-9e80-4de96fbd2b85,,Urea 26% 50kgs,170000,,False,True,FERT00087,active,15,2026-05-28T13:44:23.133084+00:00
,,,Ferterlizers,2026-05-28T13:44:23.133084+00:00,5b5f8ef0-762a-40e1-9c3e-1c671fc49b47,,,0.26490908320264483,False,8f17c8a7-5a89-4a80-8581-1a38ab5dba75,,Urea-250g,1000,,False,True,FERT00088,active,0,2026-05-28T13:44:23.133084+00:00
,,,Ferterlizers,2026-05-28T13:44:23.133084+00:00,5b5f8ef0-762a-40e1-9c3e-1c671fc49b47,,,3.7087271648370277,False,3d81ddd7-1bfa-4e2f-9983-9faea2bf7cbc,,Vegimax-125mls,14000,,False,True,FERT00089,active,177,2026-05-28T13:44:23.133084+00:00
,,,Ferterlizers,2026-05-28T13:44:23.133084+00:00,5b5f8ef0-762a-40e1-9c3e-1c671fc49b47,,,6.622727080066121,False,514fbf57-4410-4094-bee2-1de347219736,,Vegimax-250mls,25000,,False,True,FERT00090,active,9,2026-05-28T13:44:23.133084+00:00
,,,Ferterlizers,2026-05-28T13:44:23.133084+00:00,5b5f8ef0-762a-40e1-9c3e-1c671fc49b47,,,1.3245454160132242,False,5f9d995d-c24c-48f6-ba2b-ce51dd5ce1f5,,Vegimax-30mls,5000,,False,True,FERT00091,active,364,2026-05-28T13:44:23.133084+00:00
,,,Ferterlizers,2026-05-28T13:44:23.133084+00:00,5b5f8ef0-762a-40e1-9c3e-1c671fc49b47,,,7.9472724960793455,False,e65a3cca-f14e-4868-83a1-d3d281dada4d,,Wuxal 500mls,30000,,False,True,FERT00092,active,1,2026-05-28T13:44:23.133084+00:00
,,,Ferterlizers,2026-05-28T13:44:23.133084+00:00,5b5f8ef0-762a-40e1-9c3e-1c671fc49b47,,,0.7947272496079345,False,88799f7f-3765-4663-9ff0-199c338194fa,,Wuxal Macromix 50mls,3000,,False,True,FERT00093,active,1,2026-05-28T13:44:23.133084+00:00
,,,Ferterlizers,2026-05-28T13:44:23.133084+00:00,5b5f8ef0-762a-40e1-9c3e-1c671fc49b47,,,42.385453312423174,False,1e05c234-f232-48ae-8ff6-804f4c1fb252,,YARA Can 50kg,160000,,False,True,FERT00094,active,0,2026-05-28T13:44:23.133084+00:00
,,,Ferterlizers,2026-05-28T13:44:23.133084+00:00,5b5f8ef0-762a-40e1-9c3e-1c671fc49b47,,,47.68363497647607,False,a131233d-73ae-4e1a-a29e-76495493d7bf,,Yara Milla JAVA,180000,,False,True,FERT00095,active,0,2026-05-28T13:44:23.133084+00:00
,,,Fungicides,2026-05-28T13:44:23.133084+00:00,5b5f8ef0-762a-40e1-9c3e-1c671fc49b47,,,1.8543635824185138,False,a0f935c5-52c3-4c87-886c-e46efd5e4218,,Anvil plus sc 100mls,7000,,False,True,CRO00001,active,153,2026-05-28T13:44:23.133084+00:00
,,,Fungicides,2026-05-28T13:44:23.133084+00:00,5b5f8ef0-762a-40e1-9c3e-1c671fc49b47,,,3.7087271648370277,False,2952b538-45bd-413d-a8a3-3e0a48b5e99b,,Anvil plus sc 250mls,14000,,False,True,CRO00002,active,69,2026-05-28T13:44:23.133084+00:00
,,,Fungicides,2026-05-28T13:44:23.133084+00:00,5b5f8ef0-762a-40e1-9c3e-1c671fc49b47,,,10.066545161700503,False,570ced3e-a968-45eb-a24f-c3bb398c0fe2,,Ascopper 1kg,38000,,False,True,CRO00003,active,179,2026-05-28T13:44:23.133084+00:00
,,,Fungicides,2026-05-28T13:44:23.133084+00:00,5b5f8ef0-762a-40e1-9c3e-1c671fc49b47,,,2.9139999152290934,False,97050e01-9822-405f-ac5d-edd7faeed83a,,Ascopper 250,11000,,False,True,CRO00004,active,387,2026-05-28T13:44:23.133084+00:00
,,,Fungicides,2026-05-28T13:44:23.431696+00:00,5b5f8ef0-762a-40e1-9c3e-1c671fc49b47,,,5.298181664052897,False,dc136f2c-68b0-4ce8-9bcf-bc1235c733a3,,Ascopper-500gm,20000,,False,True,CRO00005,active,1080,2026-05-28T13:44:23.431696+00:00
,,,Fungicides,2026-05-28T13:44:23.431696+00:00,5b5f8ef0-762a-40e1-9c3e-1c671fc49b47,,,1.0596363328105793,False,28d37f55-3589-4735-9394-dc631e80d7f4,,Bacteriomycin-25gm,4000,,False,True,CRO00006,active,9,2026-05-28T13:44:23.431696+00:00
,,,Fungicides,2026-05-28T13:44:23.431696+00:00,5b5f8ef0-762a-40e1-9c3e-1c671fc49b47,,,2.6490908320264483,False,9104f96f-b2a4-4afa-a46f-335a6b7d4dfb,,Copper Mate 250g,10000,,False,True,CRO00007,active,328,2026-05-28T13:44:23.431696+00:00
,,,Fungicides,2026-05-28T13:44:23.431696+00:00,5b5f8ef0-762a-40e1-9c3e-1c671fc49b47,,,4.7683634976476075,False,4c13139b-5376-4e32-8005-a50000137903,,Copper Mate 500g,18000,,False,True,CRO00008,active,71,2026-05-28T13:44:23.431696+00:00
,,,Fungicides,2026-05-28T13:44:23.431696+00:00,5b5f8ef0-762a-40e1-9c3e-1c671fc49b47,,,22.517272072224813,False,42ede744-21db-469b-9eb9-ec918a520f3f,,Copper blue 40kg Bag,85000,,False,True,CRO00009,active,7,2026-05-28T13:44:23.431696+00:00
,,,Fungicides,2026-05-28T13:44:23.431696+00:00,5b5f8ef0-762a-40e1-9c3e-1c671fc49b47,,,0.39736362480396725,False,d367ac61-ddfd-4acc-bd75-b9a4dea9669d,,Copper blue 500g,1500,,False,True,CRO00010,active,0,2026-05-28T13:44:23.431696+00:00
,,,Fungicides,2026-05-28T13:44:23.431696+00:00,5b5f8ef0-762a-40e1-9c3e-1c671fc49b47,,,8.477090662484635,False,e0f28017-9fba-4b94-8819-240f8b513351,,Copper fungcure kg,32000,,False,True,CRO00011,active,21,2026-05-28T13:44:23.431696+00:00
,,,Fungicides,2026-05-28T13:44:23.431696+00:00,5b5f8ef0-762a-40e1-9c3e-1c671fc49b47,,,111.26181494511083,False,816adb6c-9c53-41cd-8d16-9e7c7d613287,,Emthane _ 25KGS,420000,,False,True,CRO00012,active,106,2026-05-28T13:44:23.431696+00:00
,,,Fungicides,2026-05-28T13:44:23.431696+00:00,5b5f8ef0-762a-40e1-9c3e-1c671fc49b47,,,45.034544144449626,False,f98781ac-c28f-4933-be70-a09e2880a837,,Emthane-10Kgs,170000,,False,True,CRO00013,active,0,2026-05-28T13:44:23.431696+00:00
,,,Fungicides,2026-05-28T13:44:23.431696+00:00,5b5f8ef0-762a-40e1-9c3e-1c671fc49b47,,,2.6490908320264483,False,a58a1905-6255-4f47-b0c3-4bd24cc8c388,,Fangocil 250g,10000,,False,True,CRO00014,active,4,2026-05-28T13:44:23.431696+00:00
,,,Fungicides,2026-05-28T13:44:23.431696+00:00,5b5f8ef0-762a-40e1-9c3e-1c671fc49b47,,,7.417454329674055,False,6c567b0a-e44f-4dc8-8aab-c0cdb26fd23e,,Harvester 72SL- Litre,28000,,False,True,CRO00015,active,0,2026-05-28T13:44:23.431696+00:00
,,,Fungicides,2026-05-28T13:44:23.431696+00:00,5b5f8ef0-762a-40e1-9c3e-1c671fc49b47,,,3.9736362480396727,False,0aeee751-74c5-423f-965d-3a283249f3b7,,Harvester 72SL-500mls,15000,,False,True,CRO00016,active,107,2026-05-28T13:44:23.431696+00:00
,,,Fungicides,2026-05-28T13:44:23.431696+00:00,5b5f8ef0-762a-40e1-9c3e-1c671fc49b47,,,2.3841817488238037,False,bbedf6c3-5b22-4b72-9a5c-649807ed526c,,Harvester XL-100mls,9000,,False,True,CRO00017,active,426,2026-05-28T13:44:23.431696+00:00
,,,Fungicides,2026-05-28T13:44:23.431696+00:00,5b5f8ef0-762a-40e1-9c3e-1c671fc49b47,,,5.033272580850252,False,3fa7e499-f585-432b-b3c2-df671f8420ee,,Harvester XL-250mls,19000,,False,True,CRO00018,active,101,2026-05-28T13:44:23.431696+00:00
,,,Fungicides,2026-05-28T13:44:23.431696+00:00,5b5f8ef0-762a-40e1-9c3e-1c671fc49b47,,,7.9472724960793455,False,95e7bbdc-54e3-4024-9c4b-3acfb7c889c7,,Harvester XL-500mls,30000,,False,True,CRO00019,active,0,2026-05-28T13:44:23.431696+00:00
,,,Fungicides,2026-05-28T13:44:23.431696+00:00,5b5f8ef0-762a-40e1-9c3e-1c671fc49b47,,,4.238545331242317,False,917404c5-edf7-4185-8056-8aa3932fd388,,Indofil 1 Kg,16000,,False,True,CRO00020,active,0,2026-05-28T13:44:23.431696+00:00
,,,Fungicides,2026-05-28T13:44:23.431696+00:00,5b5f8ef0-762a-40e1-9c3e-1c671fc49b47,,,1.1920908744119019,False,a5c6e99a-0c4f-475a-9cca-9ff96ccbd556,,Indofil 250g,4500,,False,True,CRO00021,active,579,2026-05-28T13:44:23.431696+00:00
,,,Fungicides,2026-05-28T13:44:23.431696+00:00,5b5f8ef0-762a-40e1-9c3e-1c671fc49b47,,,2.1192726656211587,False,f7da6d01-b44f-456a-bef8-51ae1d63d957,,Indofil 500g,8000,,False,True,CRO00022,active,40,2026-05-28T13:44:23.431696+00:00
,,,Fungicides,2026-05-28T13:44:23.431696+00:00,5b5f8ef0-762a-40e1-9c3e-1c671fc49b47,,,1.3245454160132242,False,2a271e2e-e949-40a2-96f7-7a2e8e4acea1,,Mancozeb (Emthane) 250g,5000,,False,True,CRO00023,active,0,2026-05-28T13:44:23.431696+00:00
,,,Fungicides,2026-05-28T13:44:23.431696+00:00,5b5f8ef0-762a-40e1-9c3e-1c671fc49b47,,,1.8543635824185138,False,735bd1fc-0d0d-46fa-891e-9ec6bbb0e7db,,Mistress 72% 120g,7000,,False,True,CRO00024,active,16,2026-05-28T13:44:23.431696+00:00
,,,Fungicides,2026-05-28T13:44:23.431696+00:00,5b5f8ef0-762a-40e1-9c3e-1c671fc49b47,,,6.092908913660831,False,55dd6994-be54-4ff7-8541-6713f9defdf9,,Mistress 72% WP,23000,,False,True,CRO00025,active,6,2026-05-28T13:44:23.431696+00:00
,,,Fungicides,2026-05-28T13:44:23.431696+00:00,5b5f8ef0-762a-40e1-9c3e-1c671fc49b47,,,3.178908998431738,False,ad1491ff-27ee-4262-a48e-49ee4364147e,,Mistress 72% WP 240g,12000,,False,True,CRO00026,active,25,2026-05-28T13:44:23.431696+00:00
,,,Fungicides,2026-05-28T13:44:23.431696+00:00,5b5f8ef0-762a-40e1-9c3e-1c671fc49b47,,,11.391090577713728,False,35c1c385-a800-4f6f-9d7e-ee9fc5834c9c,,Mistress 72% WP kg,43000,,False,True,CRO00027,active,1,2026-05-28T13:44:23.431696+00:00
,,,Fungicides,2026-05-28T13:44:23.431696+00:00,5b5f8ef0-762a-40e1-9c3e-1c671fc49b47,,,1.0596363328105793,False,cd740be9-1441-4459-9b39-399349e6ce38,,Nsanja Coromate. 100g,4000,,False,True,CRO00028,active,289,2026-05-28T13:44:23.431696+00:00
,,,Insecticides,2026-05-28T13:44:23.431696+00:00,5b5f8ef0-762a-40e1-9c3e-1c671fc49b47,,,4.7683634976476075,False,5e2aef66-428d-4521-8059-6f49ab13e6f2,,Benocarb 100sc-50ml,18000,,False,True,INSECT00008,active,1,2026-05-28T13:44:23.431696+00:00
,,,Insecticides,2026-05-28T13:44:23.431696+00:00,5b5f8ef0-762a-40e1-9c3e-1c671fc49b47,,,9.271817912092569,False,91b21e70-8600-4578-848c-7060ffb2f01e,,Benocarb 100sc.,35000,,False,True,INSECT00009,active,1,2026-05-28T13:44:23.431696+00:00
,,,Insecticides,2026-05-28T13:44:23.431696+00:00,5b5f8ef0-762a-40e1-9c3e-1c671fc49b47,,,1.8543635824185138,False,4b06554d-9382-4899-961b-17185758d5bf,,Benzomax 100g,7000,,False,True,INSECT00010,active,214,2026-05-28T13:44:23.431696+00:00
,,,Insecticides,2026-05-28T13:44:23.431696+00:00,5b5f8ef0-762a-40e1-9c3e-1c671fc49b47,,,4.238545331242317,False,ef1279cd-527e-4e46-b247-1e4823efa8aa,,Carbofuran-1Kg,16000,,False,True,INSECT00011,active,1,2026-05-28T13:44:23.431696+00:00
,,,Insecticides,2026-05-28T13:44:23.431696+00:00,5b5f8ef0-762a-40e1-9c3e-1c671fc49b47,,,1.589454499215869,False,461a951f-4620-4d37-935b-afbb4e4b1ca1,,Caterpillar force 100g,6000,,False,True,INSECT00012,active,5,2026-05-28T13:44:23.431696+00:00
,,,Insecticides,2026-05-28T13:44:23.431696+00:00,5b5f8ef0-762a-40e1-9c3e-1c671fc49b47,,,6.622727080066121,False,6f176be3-b5e3-4fa5-9072-a5d5f7a364c6,,Chloradelta 100mls,25000,,False,True,INSECT00013,active,4,2026-05-28T13:44:23.431696+00:00
,,,Insecticides,2026-05-28T13:44:23.431696+00:00,5b5f8ef0-762a-40e1-9c3e-1c671fc49b47,,,1.8543635824185138,False,44e04961-d8e1-4c08-bc89-7abe5cf3ee72,,Combola,7000,,False,True,INSECT00014,active,5,2026-05-28T13:44:23.431696+00:00
,,,Insecticides,2026-05-28T13:44:23.750847+00:00,5b5f8ef0-762a-40e1-9c3e-1c671fc49b47,,,1.0596363328105793,False,5d632eb4-3d6d-4833-bec6-e5797eaf5206,,Dudu Acelamectin 100mls,4000,,False,True,INSECT00021,active,900,2026-05-28T13:44:23.750847+00:00
,,,Insecticides,2026-05-28T13:44:23.750847+00:00,5b5f8ef0-762a-40e1-9c3e-1c671fc49b47,,,2.3841817488238037,False,3ffed263-f1a1-40c2-9471-a7e092439c47,,Dudu Acelamectin 250ml,9000,,False,True,INSECT00022,active,495,2026-05-28T13:44:23.750847+00:00
,,,Insecticides,2026-05-28T13:44:23.750847+00:00,5b5f8ef0-762a-40e1-9c3e-1c671fc49b47,,,4.238545331242317,False,9de3dcc9-4b81-4cdc-8cdf-81b82c2b0a1b,,Dudu Acelamectin 500ml,16000,,False,True,INSECT00023,active,201,2026-05-28T13:44:23.750847+00:00
,,,Insecticides,2026-05-28T13:44:23.750847+00:00,5b5f8ef0-762a-40e1-9c3e-1c671fc49b47,,,7.9472724960793455,False,fd853155-7134-4937-b6b5-cba7c14b4d7a,,Dudu Acelamectin-1Ltr,30000,,False,True,INSECT00024,active,95,2026-05-28T13:44:23.750847+00:00
,,,Insecticides,2026-05-28T13:44:23.750847+00:00,5b5f8ef0-762a-40e1-9c3e-1c671fc49b47,,,6.092908913660831,False,e8bbbcff-2168-44e4-9f57-1d383adb63c5,,Dudu Agrikill 100mls,23000,,False,True,INSECT00025,active,14,2026-05-28T13:44:23.750847+00:00
,,,Insecticides,2026-05-28T13:44:23.750847+00:00,5b5f8ef0-762a-40e1-9c3e-1c671fc49b47,,,9.006908828889925,False,312eabdb-bfa4-4455-b1c5-346c5a50b7c8,,Dudu All 1tr,34000,,False,True,INSECT00026,active,3,2026-05-28T13:44:23.750847+00:00
,,,Insecticides,2026-05-28T13:44:23.750847+00:00,5b5f8ef0-762a-40e1-9c3e-1c671fc49b47,,,3.7087271648370277,False,fcda88c3-c2c0-4c29-97ed-60a0ddd19db0,,Dudu Cyper,14000,,False,True,INSECT00027,active,48,2026-05-28T13:44:23.750847+00:00
,,,Insecticides,2026-05-28T13:44:23.750847+00:00,5b5f8ef0-762a-40e1-9c3e-1c671fc49b47,,,2.1192726656211587,False,d15fe067-809d-413b-bfe6-605c415c51bd,,Dudu Cyper 500mls,8000,,False,True,INSECT00028,active,76,2026-05-28T13:44:23.750847+00:00
,,,Insecticides,2026-05-28T13:44:23.750847+00:00,5b5f8ef0-762a-40e1-9c3e-1c671fc49b47,,,0.6622727080066121,False,cbf88eee-470e-4545-b4f9-ec808c251b1f,,Dudu Cyper-100mls,2500,,False,True,INSECT00029,active,196,2026-05-28T13:44:23.750847+00:00
,,,Insecticides,2026-05-28T13:44:23.750847+00:00,5b5f8ef0-762a-40e1-9c3e-1c671fc49b47,,,1.3245454160132242,False,5f80d27d-6df4-4e0f-abcd-b5ceadb3512f,,Dudu Cyper-250mls,5000,,False,True,INSECT00030,active,34,2026-05-28T13:44:23.750847+00:00
,,,Insecticides,2026-05-28T13:44:23.750847+00:00,5b5f8ef0-762a-40e1-9c3e-1c671fc49b47,,,4.7683634976476075,False,af7c87bd-c1bc-46dc-8f21-6289164a25ba,,Dudu all 500mls,18000,,False,True,INSECT00031,active,0,2026-05-28T13:44:23.750847+00:00
,,,Insecticides,2026-05-28T13:44:23.750847+00:00,5b5f8ef0-762a-40e1-9c3e-1c671fc49b47,,,1.0596363328105793,False,34a79cec-1089-4332-bc57-cf831be2d1bc,,Dudu fenos 100mls,4000,,False,True,INSECT00032,active,399,2026-05-28T13:44:23.750847+00:00
,,,Insecticides,2026-05-28T13:44:23.750847+00:00,5b5f8ef0-762a-40e1-9c3e-1c671fc49b47,,,1.9868181240198364,False,8fe5f83d-e6a1-42f8-93b6-7bc79b658493,,Dudu fenos 200mls,7500,,False,True,INSECT00033,active,267,2026-05-28T13:44:23.750847+00:00
,,,Insecticides,2026-05-28T13:44:23.750847+00:00,5b5f8ef0-762a-40e1-9c3e-1c671fc49b47,,,3.7087271648370277,False,c699e6e9-15db-421d-bd59-9943aa3d206a,,Dudu fenos 500mls,14000,,False,True,INSECT00034,active,0,2026-05-28T13:44:23.750847+00:00
,,,Insecticides,2026-05-28T13:44:23.750847+00:00,5b5f8ef0-762a-40e1-9c3e-1c671fc49b47,,,6.887636163268766,False,5cb98021-784e-4cb7-a5bd-0a3970bc396c,,Dudu fenos ltr,26000,,False,True,INSECT00035,active,16,2026-05-28T13:44:23.750847+00:00
,,,Insecticides,2026-05-28T13:44:23.750847+00:00,5b5f8ef0-762a-40e1-9c3e-1c671fc49b47,,,4.503454414444962,False,8571300b-6e82-4347-a5f7-e9edd8c0417e,,Dudu guard 500mls,17000,,False,True,INSECT00036,active,0,2026-05-28T13:44:23.750847+00:00
,,,Insecticides,2026-05-28T13:44:23.750847+00:00,5b5f8ef0-762a-40e1-9c3e-1c671fc49b47,,,8.477090662484635,False,4ca83a90-4784-4e64-8678-e9ceed14ec1d,,Dudu guard litter,32000,,False,True,INSECT00037,active,0,2026-05-28T13:44:23.750847+00:00
,,,Insecticides,2026-05-28T13:44:23.750847+00:00,5b5f8ef0-762a-40e1-9c3e-1c671fc49b47,,,1.589454499215869,False,12f3a3cf-b7de-4603-88c3-5a383ac4b73a,,Dudu tox 500g,6000,,False,True,INSECT00038,active,30,2026-05-28T13:44:23.750847+00:00
,,,Herbicides,2026-05-28T13:44:24.946626+00:00,5b5f8ef0-762a-40e1-9c3e-1c671fc49b47,,,7.417454329674055,False,08fac321-ab7f-4562-bab9-8094d31c60ed,,Metrazin Gold Ltr,28000,,False,True,Herb00006,active,553,2026-05-28T13:44:24.946626+00:00
,,,Insecticides,2026-05-28T13:44:24.718799+00:00,5b5f8ef0-762a-40e1-9c3e-1c671fc49b47,,,0.26490908320264483,False,11431a87-4346-4c41-9e79-202a63bb15d3,,Rodent Control-Rat Poison,1000,,False,True,INSECT00073,active,0,2026-05-28T13:44:24.718799+00:00
,,,Insecticides,2026-05-28T13:44:24.718799+00:00,5b5f8ef0-762a-40e1-9c3e-1c671fc49b47,,,9.271817912092569,False,18426bda-7d99-4960-8e1f-1d4bb0072919,,Tuta Pro 300SC,35000,,False,True,INSECT00089,active,6,2026-05-28T13:44:24.718799+00:00
,,,Insecticides,2026-05-28T13:44:24.718799+00:00,5b5f8ef0-762a-40e1-9c3e-1c671fc49b47,,,1.0596363328105793,False,18c0354d-78f1-4518-9675-255684a03386,,Sevin Dudu Dust 200gm,4000,,False,True,INSECT00074,active,404,2026-05-28T13:44:24.718799+00:00
,,,Herbicides,2026-05-28T13:44:24.946626+00:00,5b5f8ef0-762a-40e1-9c3e-1c671fc49b47,,,1.8543635824185138,False,1923d327-acb5-4c31-b52b-24c17e4f2530,,Jembe 500mls,7000,,False,True,Herb00004,active,0,2026-05-28T13:44:24.946626+00:00
,,,Insecticides,2026-05-28T13:44:24.718799+00:00,5b5f8ef0-762a-40e1-9c3e-1c671fc49b47,,,1.0596363328105793,False,20c8dae5-3e33-4eb0-8f0b-c116d961947b,,"2,4D Amine 250mls kyebe",4000,,False,True,Insect00003,active,0,2026-05-28T04:17:49.448+00:00
,,,Tools,2026-05-28T13:44:24.718799+00:00,5b5f8ef0-762a-40e1-9c3e-1c671fc49b47,,,3.178908998431738,False,23bb7dbb-504b-4377-b584-32e27b47d748,,protective musks,12000,,False,True,Tool00009,active,0,2026-05-28T13:44:24.718799+00:00
,,,Insecticides,2026-05-28T13:44:24.718799+00:00,5b5f8ef0-762a-40e1-9c3e-1c671fc49b47,,,1.3245454160132242,False,2629bf04-0fde-47a7-84bd-983ed326907b,,Sticky Cards_ Yellow,5000,,False,True,INSECT00077,active,126,2026-05-28T13:44:24.718799+00:00
,,,Insecticides,2026-05-28T13:44:23.750847+00:00,5b5f8ef0-762a-40e1-9c3e-1c671fc49b47,,,4.503454414444962,False,289ce46d-6385-45c9-88e7-01658320929e,,Nimbecidine-500mls,17000,,False,True,INSECT00057,active,51,2026-05-28T13:44:23.750847+00:00
,,,Insecticides,2026-05-28T13:44:24.718799+00:00,5b5f8ef0-762a-40e1-9c3e-1c671fc49b47,,,8.477090662484635,False,2bdfedc7-20a3-444d-a193-6e509c731f8f,,Rocket-1Ltr,32000,,False,True,INSECT00071,active,0,2026-05-28T13:44:24.718799+00:00
,,,Insecticides,2026-05-28T13:44:23.750847+00:00,5b5f8ef0-762a-40e1-9c3e-1c671fc49b47,,,1.589454499215869,False,3bf7ea07-b07d-47dc-b69d-5ec9a84e9709,,Imi Force,6000,,False,True,INSECT00042,active,238,2026-05-28T13:44:23.750847+00:00
,,,Insecticides,2026-05-28T13:44:24.718799+00:00,5b5f8ef0-762a-40e1-9c3e-1c671fc49b47,,,8.477090662484635,False,3fe47e50-500c-4173-bcc3-3a19b91301d7,,Sugent-ltr,32000,,False,True,INSECT00086,active,0,2026-05-28T13:44:24.718799+00:00
,,,Insecticides,2026-05-28T13:44:24.718799+00:00,5b5f8ef0-762a-40e1-9c3e-1c671fc49b47,,,2.1192726656211587,False,46326cb5-5f70-4104-9b00-4b4759c32487,,Rocket-250mls,8000,,False,True,INSECT00072,active,280,2026-05-28T13:44:24.718799+00:00
,,,Insecticides,2026-05-28T13:44:24.718799+00:00,5b5f8ef0-762a-40e1-9c3e-1c671fc49b47,,,1.3245454160132242,False,51969b3e-72dd-4d4e-a585-3a67e8413411,,Sticky cards White,5000,,False,True,INSECT00078,active,4,2026-05-28T13:44:24.718799+00:00
,,,Insecticides,2026-05-28T13:44:24.718799+00:00,5b5f8ef0-762a-40e1-9c3e-1c671fc49b47,,,1.3245454160132242,False,52bb1af1-049c-45f8-a9d8-2a444b287e57,,Socket Plus-100mls,5000,,False,True,INSECT00075,active,48,2026-05-28T13:44:24.718799+00:00
,,,Insecticides,2026-05-28T13:44:24.718799+00:00,5b5f8ef0-762a-40e1-9c3e-1c671fc49b47,,,1.589454499215869,False,55f5d75f-b20a-428f-9e1c-1a0eb728425c,,Conquer 250g,6000,,False,True,Insect00011,active,19,2026-05-28T13:44:24.718799+00:00
,,,Insecticides,2026-05-28T13:44:24.718799+00:00,5b5f8ef0-762a-40e1-9c3e-1c671fc49b47,,,5.827999830458187,False,56627a3c-d06d-4ec6-942b-2cf926dce295,,Beans Clean,22000,,False,True,Insect00009,active,14,2026-05-28T13:44:24.718799+00:00
,,,Tools,2026-05-28T13:44:24.718799+00:00,5b5f8ef0-762a-40e1-9c3e-1c671fc49b47,,,0.7947272496079345,False,58e5448c-c641-47bb-bb92-f23d892bfa1b,,Watering can covers,3000,,False,True,Tool00008,active,1,2026-05-28T13:44:24.718799+00:00
,,,Insecticides,2026-05-28T13:44:24.718799+00:00,5b5f8ef0-762a-40e1-9c3e-1c671fc49b47,,,1.0596363328105793,False,59d413f4-7067-4a7e-8c75-166275482818,,Rocket-100mls,4000,,False,True,INSECT00070,active,1078,2026-05-28T13:44:24.718799+00:00
,,,Tools,2026-05-28T13:44:24.718799+00:00,5b5f8ef0-762a-40e1-9c3e-1c671fc49b47,,,1.8543635824185138,False,5ebeff5a-0791-4698-8f25-770bed3ed38e,,Watering can (small head) 10L,7000,,False,True,Tool00007,active,5,2026-05-28T13:44:24.718799+00:00
,,,Insecticides,2026-05-28T13:44:23.750847+00:00,5b5f8ef0-762a-40e1-9c3e-1c671fc49b47,,,10.596363328105793,False,619acf4e-331b-4fc8-af21-7056d811fedc,,Imitrust 500mls,40000,,False,True,INSECT00045,active,9,2026-05-28T13:44:23.750847+00:00
,,,Insecticides,2026-05-28T13:44:24.718799+00:00,5b5f8ef0-762a-40e1-9c3e-1c671fc49b47,,,1.3245454160132242,False,6207d946-795a-442f-bb3f-eb06ac51cefb,,Sugent-100mls,5000,,False,True,INSECT00083,active,61,2026-05-28T13:44:24.718799+00:00
,,,Insecticides,2026-05-28T13:44:23.750847+00:00,5b5f8ef0-762a-40e1-9c3e-1c671fc49b47,,,0.5298181664052897,False,64aa17dc-6e8f-4d4c-b144-198a3cd02373,,Mouse traps,2000,,False,True,INSECT00054,active,0,2026-05-28T13:44:23.750847+00:00
,,,Insecticides,2026-05-28T13:44:24.718799+00:00,5b5f8ef0-762a-40e1-9c3e-1c671fc49b47,,,1.8543635824185138,False,65afa0a0-57b8-4234-921b-4661ffd418bc,,"2,4D Amine 500mls",7000,,False,True,Insect00004,active,1165,2026-05-28T13:44:24.718799+00:00
,,,Insecticides,2026-05-28T13:44:24.718799+00:00,5b5f8ef0-762a-40e1-9c3e-1c671fc49b47,,,1.3245454160132242,False,68efda8d-66f4-4cc4-af9c-a5e93dec65b1,,Troban-100mls,5000,,False,True,INSECT00088,active,1,2026-05-28T13:44:24.718799+00:00
,,,Insecticides,2026-05-28T13:44:23.750847+00:00,5b5f8ef0-762a-40e1-9c3e-1c671fc49b47,,,18.543635824185138,False,68f9af2a-d16b-422f-8cad-65d143ec59dd,,Imitrust 1 LTR,70000,,False,True,INSECT00044,active,0,2026-05-28T13:44:23.750847+00:00
,,,Insecticides,2026-05-28T13:44:23.750847+00:00,5b5f8ef0-762a-40e1-9c3e-1c671fc49b47,,,1.0596363328105793,False,7041616e-affa-43fd-ae49-c9a82d5b3405,,Malathion Dust-500g,4000,,False,True,INSECT00050,active,148,2026-05-28T13:44:23.750847+00:00
,,,Insecticides,2026-05-28T13:44:24.718799+00:00,5b5f8ef0-762a-40e1-9c3e-1c671fc49b47,,,1.3245454160132242,False,72510025-c674-4081-ab55-c708a6e326dd,,Striker-100mls,5000,,False,True,INSECT00080,active,310,2026-05-28T13:44:24.718799+00:00
,,,Insecticides,2026-05-28T13:44:23.750847+00:00,5b5f8ef0-762a-40e1-9c3e-1c671fc49b47,,,3.7087271648370277,False,757e5c2a-5ba0-430f-a5b5-21d193f7d485,,Imi Force 250mls,14000,,False,True,INSECT00043,active,70,2026-05-28T13:44:23.750847+00:00
,,,Insecticides,2026-05-28T13:44:23.750847+00:00,5b5f8ef0-762a-40e1-9c3e-1c671fc49b47,,,2.3841817488238037,False,77149247-9f5c-4825-9126-3d34afe33c9f,,Nimbecidine-250mls,9000,,False,True,INSECT00056,active,11,2026-05-28T13:44:23.750847+00:00
,,,Insecticides,2026-05-28T13:44:23.750847+00:00,5b5f8ef0-762a-40e1-9c3e-1c671fc49b47,,,7.9472724960793455,False,7a154a05-6d17-4746-b5e9-88f3cd1b2fb6,,MeriFos 480 EC,30000,,False,True,INSECT00052,active,62,2026-05-28T13:44:23.750847+00:00
,,,Insecticides,2026-05-28T13:44:24.718799+00:00,5b5f8ef0-762a-40e1-9c3e-1c671fc49b47,,,3.178908998431738,False,7be387f5-16b8-4c51-bdf5-98de2e923a3f,,"2,4D Amine Ltr",12000,,False,True,Insect00005,active,273,2026-05-28T13:44:24.718799+00:00
,,,Insecticides,2026-05-28T13:44:24.718799+00:00,5b5f8ef0-762a-40e1-9c3e-1c671fc49b47,,,7.9472724960793455,False,89a69400-2170-4c97-9c94-ef67724b67ab,,Fennut-500mls,30000,,False,True,Insect00012,active,0,2026-05-28T13:44:24.718799+00:00
,,,Insecticides,2026-05-28T13:44:23.750847+00:00,5b5f8ef0-762a-40e1-9c3e-1c671fc49b47,,,8.477090662484635,False,89bf40a9-5a4c-47da-a08f-bd80cd9820dc,,Nimbecidine,32000,,False,True,INSECT00055,active,0,2026-05-28T13:44:23.750847+00:00
,,,Insecticides,2026-05-28T13:44:24.718799+00:00,5b5f8ef0-762a-40e1-9c3e-1c671fc49b47,,,6.622727080066121,False,8cd30b16-e508-4262-b28e-aa121fee48e3,,Ametryne 50%,25000,,False,True,Insect00006,active,0,2026-05-28T13:44:24.718799+00:00
,,,Insecticides,2026-05-28T13:44:24.718799+00:00,5b5f8ef0-762a-40e1-9c3e-1c671fc49b47,,,2.3841817488238037,False,9288ff84-f2ab-4bff-8012-88b5bce27ac4,,Striker-200mls,9000,,False,True,INSECT00081,active,81,2026-05-28T13:44:24.718799+00:00
,,,Insecticides,2026-05-28T13:44:24.718799+00:00,5b5f8ef0-762a-40e1-9c3e-1c671fc49b47,,,6.092908913660831,False,95f10c37-6836-4704-a040-83a551020e85,,Striker-500mls,23000,,False,True,INSECT00082,active,93,2026-05-28T13:44:24.718799+00:00
,,,Insecticides,2026-05-28T13:44:23.750847+00:00,5b5f8ef0-762a-40e1-9c3e-1c671fc49b47,,,8.21218157928199,False,97abd300-f792-4450-b63e-680e1cfacf12,,Iron Force 1ltr,31000,,False,True,INSECT00047,active,18,2026-05-28T13:44:23.750847+00:00
,,,Herbicides,2026-05-28T13:44:24.946626+00:00,5b5f8ef0-762a-40e1-9c3e-1c671fc49b47,,,3.9736362480396727,False,9b63b0a8-cdab-4f68-8971-90c41159d8fb,,Metrazin-500mls,15000,,False,True,Herb00007,active,143,2026-05-28T13:44:24.946626+00:00
,,,Insecticides,2026-05-28T13:44:23.750847+00:00,5b5f8ef0-762a-40e1-9c3e-1c671fc49b47,,,4.106090789640995,False,a1396a20-1c97-4f02-b6af-0829874b2271,,Iron Force 500mls,15500,,False,True,INSECT00048,active,51,2026-05-28T13:44:23.750847+00:00
,,,Insecticides,2026-05-28T13:44:24.718799+00:00,5b5f8ef0-762a-40e1-9c3e-1c671fc49b47,,,3.443818081634383,False,a47bb24d-c911-4ca3-a919-828c3a86e69e,,Amino force Litre,13000,,False,True,Insect00008,active,50,2026-05-28T13:44:24.718799+00:00
,,,Insecticides,2026-05-28T13:44:23.750847+00:00,5b5f8ef0-762a-40e1-9c3e-1c671fc49b47,,,1.8543635824185138,False,a72fc60f-d7ff-4131-8f46-0bbb59048af8,,Fruit fly trap,7000,,False,True,INSECT00041,active,122,2026-05-28T13:44:23.750847+00:00
,,,Insecticides,2026-05-28T13:44:23.750847+00:00,5b5f8ef0-762a-40e1-9c3e-1c671fc49b47,,,3.443818081634383,False,ae1d0106-f275-454a-92f2-bc23ab6dc807,,Lara Force Ltr,13000,,False,True,INSECT00049,active,16,2026-05-28T13:44:23.750847+00:00
,,,Insecticides,2026-05-28T13:44:23.750847+00:00,5b5f8ef0-762a-40e1-9c3e-1c671fc49b47,,,1.3245454160132242,False,b1ee3a7b-c82c-4750-8e47-c7fdf64db0b0,,Fruit fly lure,5000,,False,True,INSECT00040,active,0,2026-05-28T13:44:23.750847+00:00
,,,Insecticides,2026-05-28T13:44:24.718799+00:00,5b5f8ef0-762a-40e1-9c3e-1c671fc49b47,,,11.920908744119018,False,b8719f58-571f-4165-8324-b4f55cef5345,,Striker ltr,45000,,False,True,INSECT00079,active,18,2026-05-28T13:44:24.718799+00:00
,,,Insecticides,2026-05-28T13:44:24.718799+00:00,5b5f8ef0-762a-40e1-9c3e-1c671fc49b47,,,1.3245454160132242,False,b94db407-001f-4a30-80e8-1bb0ffa80056,,Tafgor-100mls,5000,,False,True,INSECT00087,active,1,2026-05-28T13:44:24.718799+00:00
,,,Herbicides,2026-05-28T13:44:24.946626+00:00,5b5f8ef0-762a-40e1-9c3e-1c671fc49b47,,,2.9139999152290934,False,b95485a3-acc9-4449-850c-7c3c0581ca59,,Jembe Ltr,11000,,False,True,Herb00005,active,0,2026-05-28T13:44:24.946626+00:00
,,,Insecticides,2026-05-28T13:44:24.718799+00:00,5b5f8ef0-762a-40e1-9c3e-1c671fc49b47,,,1.589454499215869,False,b992d2ba-17f2-487c-b1e9-1d6940546dc8,,Force Up Granular 250GR,6000,,False,True,Insect00013,active,0,2026-05-28T13:44:24.718799+00:00
,,,Herbicides,2026-05-28T13:44:24.946626+00:00,5b5f8ef0-762a-40e1-9c3e-1c671fc49b47,,,5.298181664052897,False,bf53a2c8-5963-424a-b8cc-70281002eb32,,Guard force ltr,20000,,False,True,Herb00003,active,4,2026-05-28T13:44:24.946626+00:00
,,,Insecticides,2026-05-28T13:44:24.718799+00:00,5b5f8ef0-762a-40e1-9c3e-1c671fc49b47,,,2.1192726656211587,False,c05bc2c3-8833-46fc-be0d-ea5c80ff7875,,Amino force 500mls,8000,,False,True,Insect00007,active,97,2026-05-28T13:44:24.718799+00:00
,,,Insecticides,2026-05-28T13:44:23.750847+00:00,5b5f8ef0-762a-40e1-9c3e-1c671fc49b47,,,1.0596363328105793,False,c13416f4-ab34-441f-b5d3-b11bd40d80e1,,Iron Force 100mls,4000,,False,True,INSECT00046,active,92,2026-05-28T13:44:23.750847+00:00
,,,Insecticides,2026-05-28T13:44:24.718799+00:00,5b5f8ef0-762a-40e1-9c3e-1c671fc49b47,,,5.298181664052897,False,c4a25a32-7f80-4cc8-8d3a-8014548c07e0,,Socket Plus-500mls,20000,,False,True,INSECT00076,active,168,2026-05-28T13:44:24.718799+00:00
,,,Insecticides,2026-05-28T13:44:23.750847+00:00,5b5f8ef0-762a-40e1-9c3e-1c671fc49b47,,,6.622727080066121,False,caea7152-ae76-4ff7-b065-620a02e27f84,,Monket Repelant 500mls,25000,,False,True,INSECT00053,active,0,2026-05-28T13:44:23.750847+00:00
,,,Insecticides,2026-05-28T13:44:24.718799+00:00,5b5f8ef0-762a-40e1-9c3e-1c671fc49b47,,,2.6490908320264483,False,cf962fa8-5ff7-44ac-9e1a-f82f762d4d3e,,Sugent-250mls,10000,,False,True,INSECT00084,active,336,2026-05-28T13:44:24.718799+00:00
,,,Insecticides,2026-05-28T13:44:24.718799+00:00,5b5f8ef0-762a-40e1-9c3e-1c671fc49b47,,,3.178908998431738,False,d3a71554-861b-4546-ad5b-a7fd7c73a8ec,,Force Up-1Ltr,12000,,False,True,Insect00014,active,277,2026-05-28T13:44:24.718799+00:00
,,,Insecticides,2026-05-28T13:44:23.750847+00:00,5b5f8ef0-762a-40e1-9c3e-1c671fc49b47,,,1.3245454160132242,False,dbdff728-26cc-4026-831e-ce1be1dc1738,,Melon fly lure,5000,,False,True,INSECT00051,active,0,2026-05-28T13:44:23.750847+00:00
,,,Insecticides,2026-05-28T14:43:05.632428+00:00,5b5f8ef0-762a-40e1-9c3e-1c671fc49b47,,,1.0596363328105793,False,e21a5692-1fcf-46ea-a418-6d40e0d556c7,,"2,4D A 250mls (copy)",4000,,False,True,Insect00001,active,0,2026-05-28T14:43:05.632428+00:00
,,,Insecticides,2026-05-28T13:44:24.718799+00:00,5b5f8ef0-762a-40e1-9c3e-1c671fc49b47,,,4.7683634976476075,False,f18199fa-46dd-46c2-b331-b0999f6ca41c,,Sugent-500mls,18000,,False,True,INSECT00085,active,78,2026-05-28T13:44:24.718799+00:00
,,,Insecticides,2026-05-28T13:44:24.718799+00:00,5b5f8ef0-762a-40e1-9c3e-1c671fc49b47,,,10.33145424490315,False,fb3c3901-bc1d-4916-8408-0da021219b73,,Beans Clean Litre,39000,,False,True,Insect00010,active,4,2026-05-28T13:44:24.718799+00:00
,,,Insecticides,2026-05-28T13:44:23.750847+00:00,5b5f8ef0-762a-40e1-9c3e-1c671fc49b47,,,9.271817912092569,False,fd149d98-9834-4f26-9ac3-91c0a3af018c,,Emachlo 100mls,35000,,False,True,INSECT00039,active,16,2026-05-28T13:44:23.750847+00:00
,,,Herbicides,2026-05-28T13:44:24.946626+00:00,5b5f8ef0-762a-40e1-9c3e-1c671fc49b47,,,1.8543635824185138,False,02feae41-84b4-4055-a456-2078fd9e2aa1,,Weed Up-500mls,7000,,False,True,Herb00014,active,1988,2026-05-28T13:44:24.946626+00:00
,,,Insecticides,2026-05-27T09:46:58.435656+00:00,5b5f8ef0-762a-40e1-9c3e-1c671fc49b47,,,10.33145424490315,False,072097c6-939f-4db5-b2ea-136f5dc395c3,,Beans Clean Litre,39000,,False,True,Insect -00010,active,4,2026-05-27T09:46:58.435656+00:00
,,,Herbicides,2026-05-28T13:44:24.946626+00:00,5b5f8ef0-762a-40e1-9c3e-1c671fc49b47,,,2.1192726656211587,False,0721d033-b837-4fe6-bf22-663085b5ed1a,,Weedmaster 500mls,8000,,False,True,Herb00016,active,0,2026-05-28T13:44:24.946626+00:00
,,,Insecticides,2026-05-27T09:46:58.435656+00:00,5b5f8ef0-762a-40e1-9c3e-1c671fc49b47,,,1.589454499215869,False,1076cda3-51f5-47b0-b79d-c9b3419970e2,,Conquer 250g,6000,,False,True,Insect -00011,active,19,2026-05-27T09:46:58.435656+00:00
,,,Insecticides,2026-05-27T09:46:58.752642+00:00,5b5f8ef0-762a-40e1-9c3e-1c671fc49b47,,,3.443818081634383,False,1316ccac-d2bc-4367-98aa-5d5dc0c888f3,,Glymark,13000,,False,True,Insect -00018,active,1,2026-05-27T09:46:58.752642+00:00
,,,Herbicides,2026-05-28T13:44:24.946626+00:00,5b5f8ef0-762a-40e1-9c3e-1c671fc49b47,,,13.245454160132242,False,209e2fc3-b022-49b0-838c-79f1763e915b,,Potasun-1Ltr,50000,,False,True,Herb00008,active,47,2026-05-28T13:44:24.946626+00:00
,,,Herbicides,2026-05-28T13:44:24.946626+00:00,5b5f8ef0-762a-40e1-9c3e-1c671fc49b47,,,5.298181664052897,False,2e4ce239-af37-439b-811b-0e4f97f18e51,,Potent-500mls,20000,,False,True,Herb00011,active,110,2026-05-28T13:44:24.946626+00:00
,,,Herbicides,2026-05-28T13:44:24.946626+00:00,5b5f8ef0-762a-40e1-9c3e-1c671fc49b47,,,1.8543635824185138,False,396824cd-9d1e-42e9-ae69-6811bd322f9f,,Weedmaster 250g,7000,,False,True,Herb00015,active,112,2026-05-28T13:44:24.946626+00:00
,,,Insecticides,2026-05-27T09:46:58.435656+00:00,5b5f8ef0-762a-40e1-9c3e-1c671fc49b47,,,1.0596363328105793,False,3dc81793-d181-43ba-835e-9f52ef71b9b7,,"2,4D Amine 250mls kyebe",4000,,False,True,Insect -00003,active,0,2026-05-27T09:46:58.435656+00:00
,,,Insecticides,2026-05-27T09:46:58.435656+00:00,5b5f8ef0-762a-40e1-9c3e-1c671fc49b47,,,1.0596363328105793,False,3de1264d-4105-4e93-b7be-4149b5b520e3,,"2,4D Amine 250mls",4000,,False,True,Insect00002,active,91,2026-05-28T04:17:34.541+00:00
,,,Herbicides,2026-05-28T13:44:24.946626+00:00,5b5f8ef0-762a-40e1-9c3e-1c671fc49b47,,,3.443818081634383,False,445ee260-89e6-4df7-85f2-9bf26663b227,,Weed Up-1Ltr,13000,,False,True,Herb00013,active,0,2026-05-28T13:44:24.946626+00:00
,,,Insecticides,2026-05-27T09:46:58.435656+00:00,5b5f8ef0-762a-40e1-9c3e-1c671fc49b47,,,1.589454499215869,False,45512675-4f7e-4406-8fba-4c66ee0b08ae,,Force Up Granular 250GR,6000,,False,True,Insect -00013,active,0,2026-05-27T09:46:58.435656+00:00
,,,Insecticides,2026-05-27T09:46:58.435656+00:00,5b5f8ef0-762a-40e1-9c3e-1c671fc49b47,,,5.827999830458187,False,45c1e4f7-5476-4a60-9289-8fe57f11a8dd,,Beans Clean,22000,,False,True,Insect -00009,active,14,2026-05-27T09:46:58.435656+00:00
,,,Insecticides,2026-05-27T09:46:58.752642+00:00,5b5f8ef0-762a-40e1-9c3e-1c671fc49b47,,,4.90081803924893,False,4ee1ba6c-06d4-4abc-88d6-45f4675b0e71,,Glufosun-1Ltr,18500,,False,True,Insect -00016,active,0,2026-05-27T09:46:58.752642+00:00
,,,Herbicides,2026-05-28T13:44:24.946626+00:00,5b5f8ef0-762a-40e1-9c3e-1c671fc49b47,,,6.622727080066121,False,6106f642-26a4-4ea6-a21d-28a031e8fc5f,,Potasun-500mls,25000,,False,True,Herb00009,active,81,2026-05-28T13:44:24.946626+00:00
,,,Herbicides,2026-05-28T13:44:24.946626+00:00,5b5f8ef0-762a-40e1-9c3e-1c671fc49b47,,,3.7087271648370277,False,693cdc94-635b-4e68-8f5f-2f277108d7d0,,Weedmaster ltr,14000,,False,True,Herb00017,active,559,2026-05-28T13:44:24.946626+00:00
,,,Insecticides,2026-05-27T09:46:58.435656+00:00,5b5f8ef0-762a-40e1-9c3e-1c671fc49b47,,,3.178908998431738,False,71a0345b-af03-478e-b9ba-7732ca675a2a,,"2,4D Amine Ltr",12000,,False,True,Insect -00005,active,273,2026-05-27T09:46:58.435656+00:00
,,,Insecticides,2026-05-27T09:46:58.752642+00:00,5b5f8ef0-762a-40e1-9c3e-1c671fc49b47,,,1.8543635824185138,False,79700610-1989-433a-aa33-4718fbffacc6,,Force Up-500mls,7000,,False,True,Insect -00015,active,0,2026-05-27T09:46:58.752642+00:00
,,,Insecticides,2026-05-27T09:46:58.435656+00:00,5b5f8ef0-762a-40e1-9c3e-1c671fc49b47,,,3.443818081634383,False,7ab5fa62-7f27-41f8-9572-4537ab0bae75,,Amino force Litre,13000,,False,True,Insect -00008,active,50,2026-05-27T09:46:58.435656+00:00
,,,Insecticides,2026-05-27T09:46:58.752642+00:00,5b5f8ef0-762a-40e1-9c3e-1c671fc49b47,,,2.6490908320264483,False,8ba7d44d-2d5b-4f0b-933e-9bea91bc8953,,Glufosun-500mls,10000,,False,True,Insect -00017,active,109,2026-05-27T09:46:58.752642+00:00
,,,Insecticides,2026-05-27T09:46:58.435656+00:00,5b5f8ef0-762a-40e1-9c3e-1c671fc49b47,,,7.9472724960793455,False,9295153b-1f56-4b97-8cc7-16ee2ce42884,,Fennut-500mls,30000,,False,True,Insect -00012,active,0,2026-05-27T09:46:58.435656+00:00
,,,Insecticides,2026-05-27T09:46:58.435656+00:00,5b5f8ef0-762a-40e1-9c3e-1c671fc49b47,,,1.8543635824185138,False,990b9718-7556-4343-85a1-f8a6f3b12a9e,,"2,4D Amine 500mls",7000,,False,True,Insect -00004,active,1165,2026-05-27T09:46:58.435656+00:00
,,,Insecticides,2026-05-27T09:46:58.435656+00:00,5b5f8ef0-762a-40e1-9c3e-1c671fc49b47,,,2.1192726656211587,False,b31a424c-5928-4e38-8b6c-fa237209c658,,Amino force 500mls,8000,,False,True,Insect -00007,active,97,2026-05-27T09:46:58.435656+00:00
,,,Insecticides,2026-05-27T09:46:58.435656+00:00,5b5f8ef0-762a-40e1-9c3e-1c671fc49b47,,,6.622727080066121,False,ca65cb3b-6463-44e0-99a5-8d9ed81d7f51,,Ametryne 50%,25000,,False,True,Insect -00006,active,0,2026-05-27T09:46:58.435656+00:00
,,,Insecticides,2026-05-27T09:46:58.435656+00:00,5b5f8ef0-762a-40e1-9c3e-1c671fc49b47,,,3.178908998431738,False,e64db14e-ff45-4140-a5d2-9005a875fdd5,,Force Up-1Ltr,12000,,False,True,Insect -00014,active,277,2026-05-27T09:46:58.435656+00:00
,,,Herbicides,2026-05-28T13:44:24.946626+00:00,5b5f8ef0-762a-40e1-9c3e-1c671fc49b47,,,9.271817912092569,False,e710c779-fd4e-413f-8464-7bbc0880aa3e,,Sunico Super 400 OD Ltr,35000,,False,True,Herb00012,active,0,2026-05-28T13:44:24.946626+00:00
,,,Herbicides,2026-05-28T13:44:24.946626+00:00,5b5f8ef0-762a-40e1-9c3e-1c671fc49b47,,,10.33145424490315,False,e90d1524-1ac0-46ac-987f-2918775a36ec,,Potent Ltr,39000,,False,True,Herb00010,active,13,2026-05-28T13:44:24.946626+00:00
